e, e_dot, e_int, stamp, 
0.006357448121397491, -0.0037821627342016217, 0.001422776133647563, 1763160271183861099, 
0.008386806100434852, 0.00298236386258958, 0.0014824234108993545, 1763160271343086942, 
0.008386806100434852, 0.006764526596791202, 0.0015420706881511463, 1763160271343086942, 
0.006217301054508684, -0.007231683486420559, 0.001532727550358559, 1763160271641967604, 
0.008703885195870176, 0.0010569303181177474, 0.0015538661567209141, 1763160271782910713, 
0.008703885195870176, 0.008288613804538306, 0.001575004763083269, 1763160271782910713, 
-0.009006969426912814, -0.0590361820759433, 0.0005600533976551691, 1763160272042994410, 
-0.005145543496930083, -0.046164762309334195, -0.00036324184853151473, 1763160272182122081, 
0.009370764229848394, 0.061259112189204025, -0.0003187832462663002, 1763160272342218822, 
0.014709320396253278, 0.06618287964394454, 0.0012623027419447726, 1763160272493281419, 
0.0033469035845582473, -0.020079535484300488, 0.0018284658807106613, 1763160272632956048, 
0.005806331530074593, -0.02967662955392895, 0.0015908370340590745, 1763160272793019255, 
-0.0064046222351026305, -0.03250508606553626, 0.00018324085863534733, 1763160272938128412, 
-0.005370848323079214, -0.03725726617717936, -0.0003979426018738167, 1763160273032070945, 
-0.018877003846223483, -0.04157460537040284, -0.002043498293627022, 1763160273178213935, 
-0.018814194069153523, -0.04481115248691436, -0.002870803082563748, 1763160273338335954, 
-0.015328595215356011, 0.011828028769558241, -0.0035346528753822013, 1763160273482957378, 
-0.008282609877877434, 0.035105280637586965, -0.002828359944159131, 1763160273642894407, 
-0.044753836012890624, -0.09808413599178205, -0.004557669407074938, 1763160273782993552, 
-0.050060993252178054, -0.1392612779143354, -0.00687316260952974, 1763160273882974987, 
-0.06432590937246052, -0.06524024453189965, -0.01060938257583528, 1763160274042170879, 
-0.0669371522527854, -0.05625386333535783, -0.012088270325161599, 1763160274182850881, 
-0.06910358209583778, -0.01592557574459086, -0.013357776248072247, 1763160274342560114, 
-0.04944875560271711, 0.058294655500227645, -0.01236596599675602, 1763160274493906433, 
-0.05806427115523327, 0.03679770313534836, -0.011774440590252544, 1763160274632874871, 
-0.05806427115523327, -0.028718385175053873, -0.011038486527545577, 1763160274632874871, 
-0.060707972551463096, -0.00881233798743275, -0.011789100990795309, 1763160274792181925, 
-0.00269126415272547, 0.18457669000835933, -0.008097567190628123, 1763160274939897886, 
-0.007340632958811377, 0.17789113197550574, -0.004715991310866663, 1763160275032876066, 
-0.007340632958811377, -0.015497896020286358, -0.0011581686713565483, 1763160275032876066, 
-0.03834296167464135, -0.10334109571943324, -0.00353494850615094, 1763160275192484477, 
-0.003086657476114585, 0.014179918275655975, -0.003251350140637821, 1763160275338880459, 
-0.003086657476114585, 0.11752101399508923, -0.002967751775124701, 1763160275338880459, 
-0.040178908857144924, -0.12364083793676779, -0.003090148253958273, 1763160275483013389, 
-0.07663939584827417, -0.2451757945738653, -0.007993664145435578, 1763160275642111202, 
-0.07245283843959771, -0.10757976527484263, -0.012618076209667787, 1763160275740956197, 
-0.06363299642022657, 0.043354664760158666, -0.014181682047206564, 1763160275882126283, 
-0.06363299642022657, 0.029399473397903792, -0.01331458875200339, 1763160275882126283, 
-0.09823612752511757, -0.11534377034963665, -0.015033474691038048, 1763160276042946458, 
-0.10559669012138184, -0.1398789790038509, -0.017831054271115067, 1763160276182931814, 
-0.10559669012138184, -0.02453520865421425, -0.020628633851192082, 1763160276182931814, 
-0.11831730978425692, -0.04240206554291692, -0.021967379335134707, 1763160276330819380, 
-0.16207892647610278, -0.18827412118240314, -0.02573286175878277, 1763160276490981720, 
-0.16207892647610278, -0.14587205563948621, -0.02949834418243083, 1763160276490981720, 
-0.1350616667684782, 0.09005753235874862, -0.030614634648045584, 1763160276632898355, 
-0.1350616667684782, 0.09005753235874862, -0.02881348400087061, 1763160276632898355, 
-0.17136608737141745, -0.12101473534313086, -0.029432628060558255, 1763160276792927483, 
-0.10777102713190301, 0.09096879878858395, -0.027613252084786575, 1763160276939898731, 
-0.10777102713190301, 0.2119835341317148, -0.025793876109014898, 1763160276939898731, 
-0.09397402678813904, 0.04599000114587989, -0.020634405403463004, 1763160277084923399, 
-0.1109517625885944, -0.010602451522304657, -0.020846454433909097, 1763160277193084805, 
-0.11465569412869492, -0.06893889113518625, -0.021305432233695226, 1763160277341929394, 
-0.11465569412869492, -0.012346438467001711, -0.022684210056398948, 1763160277341929394, 
-0.2009378862044029, -0.2876073069190266, -0.028683284964119513, 1763160277484934469, 
-0.1964635851341745, -0.27269297001826526, -0.03413714436448482, 1763160277644942562, 
-0.29571741738516455, -0.31593177060253885, -0.046207925914916126, 1763160277782940559, 
-0.29571741738516455, -0.3308461075033002, -0.052526561326966904, 1763160277782940559, 
-0.26240788540507176, 0.11103177326697596, -0.05692284801169339, 1763160277932262855, 
-0.26240788540507176, 0.11103177326697596, -0.05470221254635387, 1763160277932262855, 
-0.3480832172255023, -0.2855844394014351, -0.058193265869043054, 1763160278092925202, 
-0.40631220626612186, -0.47968106953683365, -0.06778688725977973, 1763160278182921391, 
-0.3880227420484197, -0.1331317494097247, -0.07616121103600292, 1763160278332593153, 
-0.3880227420484197, 0.06096488072567389, -0.07882384602419741, 1763160278332593153, 
-0.32882563036600854, 0.19732370560803716, -0.07365807429752319, 1763160278492965197, 
-0.17853336428849242, 0.6982979258664243, -0.05969211578019471, 1763160278633921151, 
-0.17853336428849242, 0.500974220258387, -0.045726157262866225, 1763160278633921151, 
-0.12800101988993373, 0.16844114799519563, -0.03233784989779457, 1763160278793360071, 
-0.07472833969106407, 0.3460167486580945, -0.02541751492463268, 1763160278942967565, 
-0.07472833969106407, 0.17757560066289887, -0.01849717995147079, 1763160278942967565, 
-0.13109831465982014, -0.18789991656252023, -0.01870366626946322, 1763160279082948385, 
-0.15298040404591018, -0.2608402145161537, -0.023920470559786293, 1763160279242315566, 
-0.091606469608569, 0.13163948350417046, -0.025045679220953288, 1763160279342930808, 
-0.091606469608569, 0.20457978145780395, -0.02241288955086988, 1763160279342930808, 
-0.1681486380620556, -0.255140561511622, -0.02342410515194624, 1763160279482953785, 
-0.19072792347556933, -0.33040484622333444, -0.03003220207641293, 1763160279642986700, 
-0.08243345648122258, 0.2857172719361101, -0.029420667867923165, 1763160279782935249, 
-0.08243345648122258, 0.3609815566478225, -0.023706322429200965, 1763160279782935249, 
-0.04152007990030704, 0.13637792193638512, -0.013759132857516813, 1763160279932901379, 
-0.06334861835576877, 0.06361612708484603, -0.012486810315819892, 1763160280092982432, 
-0.06334861835576877, -0.07276179485153911, -0.011214487774122973, 1763160280092982432, 
0.21057566220780077, 0.9130809352118985, 0.005591895033084215, 1763160280233951906, 
0.22972754494905723, 0.97692054434942, 0.025130305920072614, 1763160280342747974, 
0.22972754494905723, 0.06383960913752151, 0.04466871680706101, 1763160280342747974, 
0.4874075665862885, 0.8589334054574375, 0.06312417709896019, 1763160280492977692, 
0.5227835194436375, 0.9768532483152678, 0.08266124206526554, 1763160280633964294, 
0.569233172221543, 0.2727520187841818, 0.10529495055009794, 1763160280782432331, 
0.569233172221543, 0.15483217592635157, 0.11074999092578158, 1763160280782432331, 
0.4691530637942807, -0.3336003614242078, 0.10717462721582445, 1763160280942980196, 
0.4310596984119992, -0.4605782460318127, 0.0979630622951882, 1763160281082085884, 
0.4310596984119992, -0.12697788460760492, 0.08875149737455194, 1763160281082085884, 
0.37948833948728344, -0.17190452974905254, 0.08277384908741879, 1763160281242773114, 
0.35362979555667906, -0.2580996761844005, 0.07761185556373078, 1763160281382958184, 
0.35362979555667906, -0.08619514643534794, 0.07244986204004276, 1763160281382958184, 
0.27709862089091, -0.2551039155525636, 0.06562388080028454, 1763160281483091813, 
0.320715265341292, -0.1097151007179568, 0.06342957878592541, 1763160281642773373, 
0.2721080158632805, -0.016635350092098305, 0.057994793473032165, 1763160281784019216, 
0.2721080158632805, -0.16202416492670513, 0.0576620864711902, 1763160281784019216, 
0.3129904531654152, 0.13627479100711568, 0.057147098992798406, 1763160281932170104, 
0.3129904531654152, 0.13627479100711568, 0.05987259481294072, 1763160281932170104, 
0.32109142856044615, 0.027003251316769877, 0.06313815565941844, 1763160282093010193, 
0.32472665680346335, 0.0391206787934939, 0.06392056923528831, 1763160282233010836, 
0.34964393758703494, 0.0951750300886293, 0.06636413486339629, 1763160282382352072, 
0.34964393758703494, 0.08305760261190527, 0.06826763546516888, 1763160282382352072, 
0.33061421213844955, -0.06343241816195129, 0.06866013915416795, 1763160282493007802, 
0.22546952183529034, -0.41391471917248196, 0.06038184477071832, 1763160282632070623, 
0.23994887599409642, -0.30221778714784375, 0.05306884066452242, 1763160282782258632, 
0.23994887599409642, 0.04826451386268693, 0.047024484921565544, 1763160282782258632, 
0.04061711145361979, -0.6644392151349221, 0.034700990896120845, 1763160282942983800, 
0.018932249238316934, -0.7367220891859315, 0.01996654911240221, 1763160283083034872, 
0.018932249238316934, -0.07228287405100953, 0.0052321073286835775, 1763160283083034872, 
-0.07251240487179533, -0.30481551370037424, -0.0023098604263440976, 1763160283242976454, 
-0.05408057644096609, -0.24337608559761006, -0.007177382138296299, 1763160283383991187, 
-0.05408057644096609, 0.06143942810276415, -0.012044903850248501, 1763160283383991187, 
0.05477135885660378, 0.3628397843252329, -0.0035593196016885597, 1763160283532864773, 
0.05477135885660378, 0.3628397843252329, 0.003697476084816098, 1763160283532864773, 
0.23849672181813997, 0.6124178765384539, 0.023202629302089835, 1763160283692993371, 
0.37400891806625813, 1.0641251973655146, 0.04448513324940012, 1763160283782197512, 
0.40131808154035836, 0.5427378657407279, 0.06758824809498376, 1763160283933015874, 
0.40131808154035836, 0.09103054491366742, 0.07844300540979832, 1763160283933015874, 
0.4251212400740178, 0.07934386177886481, 0.08185049354364897, 1763160284093039937, 
0.5089845956508536, 0.3588883803683176, 0.08902826115101532, 1763160284233008416, 
