x, y, th, stamp, 
-3.4114902019500732, 1.305151104927063, 0.01123041900808615, 1759519773890970211, 
-3.4114902019500732, 1.3051512241363525, 0.011229227390926837, 1759519773941717456, 
-3.4114902019500732, 1.305151343345642, 0.011228512321923848, 1759519773982802377, 
-3.4114902019500732, 1.3051514625549316, 0.011227316620025487, 1759519774032813976, 
-3.4114902019500732, 1.3051515817642212, 0.011226603763895013, 1759519774083862529, 
-3.4114902019500732, 1.3051518201828003, 0.01122469700159611, 1759519774130425731, 
-3.4114882946014404, 1.3051495552062988, 0.011247108353326835, 1759519774180093232, 
-3.411001682281494, 1.304924726486206, 0.01541990311388653, 1759519774241967341, 
-3.407500743865967, 1.305138111114502, 0.02713425995074418, 1759519774289804388, 
-3.401693105697632, 1.3058348894119263, 0.04132362810284765, 1759519774339801208, 
-3.39605975151062, 1.306397795677185, 0.054983816007050955, 1759519774381810056, 
-3.3872857093811035, 1.3070679903030396, 0.07418174433197296, 1759519774431800128, 
-3.3771474361419678, 1.3085004091262817, 0.0997869682633608, 1759519774482093487, 
-3.3668999671936035, 1.3095173835754395, 0.1263454492901704, 1759519774529744988, 
-3.356914758682251, 1.310933232307434, 0.15265602137968606, 1759519774580178765, 
-3.344067096710205, 1.3130685091018677, 0.18314041861205713, 1759519774641811846, 
-3.3349721431732178, 1.3148369789123535, 0.20738306633278514, 1759519774688847344, 
-3.3254926204681396, 1.3170065879821777, 0.23139805406420744, 1759519774738780942, 
-3.317180871963501, 1.3189729452133179, 0.2532882938695144, 1759519774781808420, 
-3.3077845573425293, 1.3213597536087036, 0.2800234056492732, 1759519774831814315, 
-3.29828143119812, 1.3242719173431396, 0.3034484015376862, 1759519774881913264, 
-3.288423538208008, 1.3274117708206177, 0.3290901056457905, 1759519774933040604, 
-3.2800440788269043, 1.3303519487380981, 0.35212632879697403, 1759519774979030790, 
-3.268096685409546, 1.3353455066680908, 0.38438270378400996, 1759519775041976931, 
-3.258974313735962, 1.3390692472457886, 0.40999770949225617, 1759519775092791843, 
-3.2504310607910156, 1.3429354429244995, 0.43220367542463867, 1759519775138809494, 
-3.2425594329833984, 1.346727728843689, 0.4543853860761285, 1759519775181791806, 
-3.233670473098755, 1.351214051246643, 0.480920824005623, 1759519775231810341, 
-3.224928379058838, 1.3558282852172852, 0.5072824506656223, 1759519775281933493, 
-3.2163524627685547, 1.3607081174850464, 0.5340248912891502, 1759519775332852340, 
-3.2059943675994873, 1.3669863939285278, 0.5641479641280142, 1759519775392341693, 
-3.197373867034912, 1.3723613023757935, 0.5890214223267666, 1759519775442764256, 
-3.1891536712646484, 1.3780184984207153, 0.6138242722408521, 1759519775491815226, 
-3.1818034648895264, 1.3833459615707397, 0.6380518368480558, 1759519775537860676, 
-3.174776792526245, 1.3887038230895996, 0.6598745969655319, 1759519775581815934, 
-3.1673028469085693, 1.3946367502212524, 0.6834331011050431, 1759519775631799477, 
-3.15960693359375, 1.40099036693573, 0.7075212068402988, 1759519775681904917, 
-3.1519668102264404, 1.407731056213379, 0.7320419324917539, 1759519775732625936, 
-3.1452534198760986, 1.4139412641525269, 0.7553354627403943, 1759519775778617006, 
-3.135895013809204, 1.422735571861267, 0.789301292371742, 1759519775842154513, 
-3.1289610862731934, 1.4298255443572998, 0.8136994502724207, 1759519775891924976, 
-3.1229798793792725, 1.4362409114837646, 0.8357663272083141, 1759519775937963455, 
-3.116877555847168, 1.442870855331421, 0.8575826473921957, 1759519775981884768, 
-3.110475540161133, 1.4505759477615356, 0.8808872309540856, 1759519776031841083, 
-3.104109048843384, 1.4584113359451294, 0.9061424951247024, 1759519776082261949, 
-3.0981454849243164, 1.4661866426467896, 0.9316325543096572, 1759519776132346485, 
-3.092083215713501, 1.4743688106536865, 0.9585869108097875, 1759519776182958191, 
-3.085352659225464, 1.4839849472045898, 0.9887425256975562, 1759519776242544130, 
-3.079909324645996, 1.4924581050872803, 1.0135971981627874, 1759519776292031188, 
-3.074742555618286, 1.5008543729782104, 1.038578440726125, 1759519776343010978, 
-3.0708324909210205, 1.5077813863754272, 1.0583143717762347, 1759519776381942374, 
-3.0659310817718506, 1.516514539718628, 1.0832699038070241, 1759519776432630763, 
-3.061431884765625, 1.5252838134765625, 1.106971751060705, 1759519776481861822, 
-3.057138681411743, 1.5339949131011963, 1.1317287366900124, 1759519776532486589, 
-3.0526764392852783, 1.5434261560440063, 1.157557612191998, 1759519776582190383, 
-3.048460006713867, 1.5534954071044922, 1.185133684825576, 1759519776638043403, 
-3.044644355773926, 1.5627673864364624, 1.210661879371457, 1759519776687013784, 
-3.04081392288208, 1.5729173421859741, 1.2389917749229487, 1759519776741989616, 
-3.0382583141326904, 1.580692172050476, 1.2580571593836944, 1759519776782107220, 
-3.035181999206543, 1.590024709701538, 1.283529593140048, 1759519776832031493, 
-3.032499074935913, 1.5995136499404907, 1.3094014570225716, 1759519776882024420, 
-3.0300660133361816, 1.609062910079956, 1.3344693468520088, 1759519776932297275, 
-3.027529716491699, 1.6191937923431396, 1.3600075817859334, 1759519776983004390, 
-3.0259768962860107, 1.6268084049224854, 1.3794062044533444, 1759519777021874363, 
-3.0235209465026855, 1.6405627727508545, 1.415228993496473, 1759519777091908491, 
-3.021928071975708, 1.6505457162857056, 1.4405835661668385, 1759519777141833418, 
-3.0208325386047363, 1.658414363861084, 1.461158875717671, 1759519777182837473, 
-3.019827127456665, 1.6681443452835083, 1.4862757454520321, 1759519777232091892, 
-3.018958568572998, 1.6784132719039917, 1.5114014659342032, 1759519777281909339, 
-3.0184860229492188, 1.6883469820022583, 1.5360202359536705, 1759519777331836426, 
-3.0182366371154785, 1.698445439338684, 1.5606429213370645, 1759519777381949087, 
-3.0180015563964844, 1.7062631845474243, 1.5810834503014048, 1759519777422855360, 
-3.0185916423797607, 1.7202191352844238, 1.6140500074468902, 1759519777491892824, 
-3.0189194679260254, 1.730591058731079, 1.640772170139517, 1759519777542884398, 
-3.0194735527038574, 1.7385587692260742, 1.6609459006668328, 1759519777582912025, 
-3.020533323287964, 1.7483885288238525, 1.6854816948264784, 1759519777632022077, 
-3.0211501121520996, 1.7544947862625122, 1.7016827964809271, 1759519777664205933, 
-3.042574405670166, 1.7977062463760376, 1.8367128710654204, 1759519777931944168, 
-3.0450048446655273, 1.8068897724151611, 1.8616680458253059, 1759519777979913168, 
-3.0479488372802734, 1.8166213035583496, 1.8859811441898895, 1759519778028859643, 
-3.051025152206421, 1.8258304595947266, 1.9089479123581268, 1759519778077240651, 
-3.0554327964782715, 1.838196873664856, 1.9413268670052837, 1759519778140187854, 
-3.0577588081359863, 1.8441808223724365, 1.9570968676110299, 1759519778172480217, 
-3.0614559650421143, 1.8531244993209839, 1.9806213362226344, 1759519778220765081, 
-3.0665502548217773, 1.8648102283477783, 2.0119469809788546, 1759519778285030919, 
-3.0704939365386963, 1.8731640577316284, 2.035822803710406, 1759519778331930980, 
-3.074960470199585, 1.8816421031951904, 2.058600458182714, 1759519778380019759, 
-3.0797057151794434, 1.8904656171798706, 2.0837330257659947, 1759519778428865701, 
-3.0841939449310303, 1.8984003067016602, 2.108634616505353, 1759519778475795302, 
-3.0894596576690674, 1.9070683717727661, 2.1334961626660367, 1759519778524123674, 
-3.094636917114258, 1.9153249263763428, 2.1569647396337257, 1759519778572624774, 
-3.101844549179077, 1.9259440898895264, 2.188584288140316, 1759519778636718269, 
-3.107379198074341, 1.9337071180343628, 2.213425056736433, 1759519778684903769, 
-3.112913131713867, 1.941072940826416, 2.23760128559953, 1759519778731874042, 
-3.118861198425293, 1.9484446048736572, 2.262229509224949, 1759519778779870104, 
-3.1250922679901123, 1.9558905363082886, 2.2865981657343686, 1759519778828884092, 
-3.1311633586883545, 1.9628243446350098, 2.3095263904231893, 1759519778875964763, 
-3.1381218433380127, 1.9704997539520264, 2.3343662859895553, 1759519778925368944, 
-3.1447811126708984, 1.9773226976394653, 2.3565386714485705, 1759519778972643791, 
-3.1538543701171875, 1.9863722324371338, 2.388089488808288, 1759519779036047474, 
-3.160935640335083, 1.9928159713745117, 2.413015759602086, 1759519779085104802, 
-3.1679458618164062, 1.9990583658218384, 2.4384422612808674, 1759519779131859859, 
-3.175077438354492, 2.0050365924835205, 2.4623374993427483, 1759519779179874210, 
-3.1824817657470703, 2.0110342502593994, 2.4856880672339785, 1759519779227880320, 
-3.19006085395813, 2.0167455673217773, 2.510390884106074, 1759519779275955009, 
-3.198248863220215, 2.0226798057556152, 2.5358112341517933, 1759519779325292306, 
-3.2059524059295654, 2.027872323989868, 2.558720125580377, 1759519779371727109, 
-3.2141337394714355, 2.0332083702087402, 2.582143570205011, 1759519779419878131, 
-3.2251181602478027, 2.0399010181427, 2.6150419707321584, 1759519779484843226, 
-3.2332820892333984, 2.044490098953247, 2.6396765458789884, 1759519779531884470, 
-3.241626739501953, 2.049074172973633, 2.665410492123082, 1759519779579861224, 
-3.2499818801879883, 2.0533699989318848, 2.69010779094079, 1759519779627862600, 
-3.259005069732666, 2.057584047317505, 2.7145604307121896, 1759519779676903726, 
-3.267939805984497, 2.0616862773895264, 2.738351069661897, 1759519779725064378, 
-3.2765421867370605, 2.0652620792388916, 2.7604989349745805, 1759519779772032237, 
-3.2852630615234375, 2.0686981678009033, 2.782498173327549, 1759519779820505291, 
-3.2974982261657715, 2.0733509063720703, 2.816230554929248, 1759519779884899649, 
-3.3065764904022217, 2.0763320922851562, 2.8407652032091755, 1759519779932843769, 
-3.31559157371521, 2.078984260559082, 2.8646066233102916, 1759519779979888728, 
-3.3247828483581543, 2.08148455619812, 2.890086894420295, 1759519780028866644, 
-3.3339293003082275, 2.0836544036865234, 2.9140818087331506, 1759519780075994268, 
-3.3437469005584717, 2.085815191268921, 2.938591729046413, 1759519780125190165, 
-3.353239059448242, 2.0877037048339844, 2.962945222962354, 1759519780172963268, 
-3.365290641784668, 2.0897581577301025, 2.9928927530238614, 1759519780235949945, 
-3.3747169971466064, 2.091052770614624, 3.015791676796767, 1759519780283870064, 
-3.3843417167663574, 2.092095136642456, 3.0412762135108866, 1759519780332891420, 
-3.393834114074707, 2.0929718017578125, 3.065783017738759, 1759519780379854518, 
-3.4031612873077393, 2.0935654640197754, 3.090417619292848, 1759519780427905832, 
-3.4129860401153564, 2.094109296798706, 3.1153690783322294, 1759519780476300402, 
-3.4226229190826416, 2.094231367111206, 3.139987230496679, 1759519780525130111, 
-3.435251474380493, 2.0942931175231934, -3.1114506752016537, 1759519780588051077, 
-3.4445302486419678, 2.0939722061157227, -3.088057989085591, 1759519780636018020, 
-3.453765630722046, 2.093345880508423, -3.0642504722144865, 1759519780684249406, 
-3.4634897708892822, 2.092524290084839, -3.0402247786056944, 1759519780731902337, 
-3.4732236862182617, 2.091439723968506, -3.0164551967177955, 1759519780781033074, 
-3.482365846633911, 2.090129852294922, -2.993121169844604, 1759519780827898623, 
-3.4925894737243652, 2.0886247158050537, -2.967993731571082, 1759519780877294901, 
-3.50492787361145, 2.0864503383636475, -2.9364561809531384, 1759519780941185074, 
-3.5113189220428467, 2.0849735736846924, -2.921080119977444, 1759519780973106466, 
-3.5235917568206787, 2.082202196121216, -2.8880796527792105, 1759519781035899913, 
-3.5324575901031494, 2.079864501953125, -2.8638403456818424, 1759519781083748686, 
-3.541511058807373, 2.077179431915283, -2.8405230599328353, 1759519781132020622, 
-3.551175594329834, 2.074220895767212, -2.8154301606827, 1759519781181902884, 
-3.5566065311431885, 2.072373151779175, -2.801019650402883, 1759519781211907147, 
-3.569117784500122, 2.067843198776245, -2.7680160904543385, 1759519781277699867, 
-3.5775389671325684, 2.0645930767059326, -2.7432942349770832, 1759519781324356534, 
-3.5863840579986572, 2.0608479976654053, -2.7181847435989117, 1759519781372540162, 
-3.5980727672576904, 2.055270195007324, -2.6864164188099884, 1759519781436009036, 
-3.6065590381622314, 2.051137685775757, -2.662371169974334, 1759519781483886056, 
-3.6150341033935547, 2.046698808670044, -2.6393512956898273, 1759519781531900681, 
-3.6233928203582764, 2.0419392585754395, -2.6160082439258106, 1759519781580884701, 
-3.6314070224761963, 2.0373847484588623, -2.5905437481620845, 1759519781627888794, 
-3.6396450996398926, 2.0323519706726074, -2.5664052346879718, 1759519781675977141, 
-3.6474266052246094, 2.0271873474121094, -2.54291782956322, 1759519781725273964, 
-3.655482530593872, 2.021671772003174, -2.5196876487185094, 1759519781772308868, 
-3.6657488346099854, 2.0139482021331787, -2.487608269242349, 1759519781835909196, 
-3.6732466220855713, 2.0082406997680664, -2.4616521471379085, 1759519781884908861, 
-3.6806209087371826, 2.0021872520446777, -2.437169670563363, 1759519781931880818, 
-3.6877195835113525, 1.9959837198257446, -2.413436039531166, 1759519781979912397, 
-3.69500732421875, 1.9894089698791504, -2.3896753529465826, 1759519782028071013, 
-3.7021024227142334, 1.9828611612319946, -2.3656663017255672, 1759519782076000364, 
-3.7087535858154297, 1.9761979579925537, -2.341385339742486, 1759519782124259729, 
-3.71533465385437, 1.9694992303848267, -2.317008156802959, 1759519782172134729, 
-3.724062204360962, 1.9599051475524902, -2.284736557934694, 1759519782237171587, 
-3.730471134185791, 1.9525587558746338, -2.259707291515676, 1759519782284353122, 
-3.736762046813965, 1.9449453353881836, -2.2360682730060932, 1759519782332455438, 
-3.742500066757202, 1.9375041723251343, -2.2123810337494136, 1759519782380236701, 
-3.7486536502838135, 1.9291044473648071, -2.18627408028577, 1759519782430254895, 
-3.753807306289673, 1.921552300453186, -2.162990387100499, 1759519782476128284, 
-3.759047508239746, 1.9136455059051514, -2.1395188107653635, 1759519782524677691, 
-3.7640132904052734, 1.905879020690918, -2.117051384027019, 1759519782572078166, 
-3.7706122398376465, 1.8947975635528564, -2.0851783982803087, 1759519782636413716, 
-3.775275707244873, 1.8866207599639893, -2.060646099260525, 1759519782683935550, 
-3.7796943187713623, 1.8782466650009155, -2.0361170675479423, 1759519782732501569, 
-3.7839372158050537, 1.8699382543563843, -2.0110850818339276, 1759519782780269659, 
-3.7882871627807617, 1.8604967594146729, -1.9858927734504659, 1759519782829163355, 
-3.7920196056365967, 1.8519070148468018, -1.9619865956124218, 1759519782876119395, 
-3.7957146167755127, 1.8428407907485962, -1.9367734166644888, 1759519782924366363, 
-3.7990918159484863, 1.834112524986267, -1.9119321646766791, 1759519782973469198, 
-3.802105665206909, 1.8251410722732544, -1.8888148289874676, 1759519783020680145, 
-3.8059821128845215, 1.813098669052124, -1.856726738078541, 1759519783084075539, 
-3.808500051498413, 1.8040072917938232, -1.8334914864034924, 1759519783132222218, 
-3.8109171390533447, 1.7949098348617554, -1.8084553481191619, 1759519783179899007, 
-3.8133418560028076, 1.7849713563919067, -1.782592271682921, 1759519783229900004, 
-3.815286636352539, 1.775717854499817, -1.7586655154862774, 1759519783277911307, 
-3.8170840740203857, 1.766286849975586, -1.735263659611286, 1759519783323924576, 
-3.818678140640259, 1.7567170858383179, -1.7101868144230514, 1759519783373157085, 
-3.8201608657836914, 1.7438172101974487, -1.6781231392180236, 1759519783438500625, 
-3.8210537433624268, 1.734675645828247, -1.6557762418958948, 1759519783483994966, 
-3.8218822479248047, 1.725449800491333, -1.6319630529840947, 1759519783532089752, 
-3.8224573135375977, 1.7157130241394043, -1.6082482765580148, 1759519783579989844, 
-3.822730779647827, 1.7055621147155762, -1.5847440432704756, 1759519783629031328, 
-3.822793960571289, 1.6961642503738403, -1.5590228426500212, 1759519783677947020, 
-3.8225982189178467, 1.6872392892837524, -1.5347143656248752, 1759519783723998136, 
-3.822226047515869, 1.677524447441101, -1.5103217514762968, 1759519783772192092, 
-3.8212087154388428, 1.6645804643630981, -1.4774547252494485, 1759519783836943132, 
-3.820314884185791, 1.6550140380859375, -1.453380380908143, 1759519783883892375, 
-3.819157600402832, 1.645841360092163, -1.430077370235863, 1759519783931906427, 
-3.817779779434204, 1.6362929344177246, -1.4064617941749482, 1759519783979926648, 
-3.8160791397094727, 1.6264890432357788, -1.3820201681640334, 1759519784028919837, 
-3.8142168521881104, 1.6171170473098755, -1.3583081999824933, 1759519784076892138, 
-3.8121883869171143, 1.6077263355255127, -1.3347090801257795, 1759519784124294959, 
-3.8099026679992676, 1.598371982574463, -1.3107087723635722, 1759519784172623604, 
-3.8064334392547607, 1.5859864950180054, -1.2775883211270318, 1759519784237424387, 
-3.8036112785339355, 1.5768027305603027, -1.2530260411704612, 1759519784283961265, 
-3.8006412982940674, 1.567999243736267, -1.2283648962772413, 1759519784331911002, 
-3.797269821166992, 1.558519959449768, -1.2041767096819398, 1759519784379909060, 
-3.793818235397339, 1.5495537519454956, -1.1808070494465175, 1759519784428910659, 
-3.7901134490966797, 1.540930151939392, -1.1569741588171627, 1759519784476956453, 
-3.7863073348999023, 1.5321688652038574, -1.1321737421206777, 1759519784525379552, 
-3.7823667526245117, 1.5237855911254883, -1.10904559483208, 1759519784572288420, 
-3.7781174182891846, 1.515267252922058, -1.0855625389392465, 1759519784620590902, 
-3.771718740463257, 1.5032655000686646, -1.0521126836303607, 1759519784685895467, 
-3.7671990394592285, 1.495733380317688, -1.0283111836452474, 1759519784732661029, 
-3.762084722518921, 1.4873003959655762, -1.0017683466673444, 1759519784780931625, 
-3.757126569747925, 1.4794780015945435, -0.9768215459270155, 1759519784828900786, 
-3.751293659210205, 1.471239686012268, -0.9534151311627622, 1759519784876992337, 
-3.7457275390625, 1.4634044170379639, -0.929763647656038, 1759519784925917458, 
-3.7402701377868652, 1.4561653137207031, -0.9072230267998891, 1759519784972057167, 
-3.732205867767334, 1.4461356401443481, -0.8748286391768516, 1759519785037139441, 
-3.725966453552246, 1.4389106035232544, -0.8502414204199228, 1759519785084929006, 
-3.719849109649658, 1.4319838285446167, -0.8255013479643908, 1759519785131919569, 
-3.713038682937622, 1.4247620105743408, -0.8020284026742995, 1759519785179928521, 
-3.7061562538146973, 1.4178565740585327, -0.7777259904638432, 1759519785228924599, 
-3.6994333267211914, 1.4112167358398438, -0.7533327746401576, 1759519785276991566, 
-3.6924350261688232, 1.4047431945800781, -0.729184409142611, 1759519785325691225, 
-3.685520887374878, 1.3986092805862427, -0.7052374490511197, 1759519785372493691, 
-3.675623655319214, 1.3903661966323853, -0.6719157827528565, 1759519785437540953, 
-3.6680288314819336, 1.3844890594482422, -0.6487734082720152, 1759519785484897936, 
-3.660335063934326, 1.3787546157836914, -0.6255163748261936, 1759519785531941449, 
-3.6525583267211914, 1.3731051683425903, -0.6015206603305326, 1759519785579914884, 
-3.6443827152252197, 1.3676540851593018, -0.5772425699987659, 1759519785628916469, 
-3.6363542079925537, 1.3623791933059692, -0.5519297662165894, 1759519785676959724, 
-3.6280949115753174, 1.357494592666626, -0.527334922609884, 1759519785725426670, 
-3.6197519302368164, 1.3527560234069824, -0.5031392834338373, 1759519785773587951, 
-3.6114261150360107, 1.3482469320297241, -0.48012721259098273, 1759519785819756059, 
-3.6001815795898438, 1.3426566123962402, -0.4481364733524798, 1759519785885127373, 
-3.5911812782287598, 1.3382872343063354, -0.42180346877159264, 1759519785933942013, 
-3.5825812816619873, 1.3344467878341675, -0.3976461311660643, 1759519785980941772, 
-3.573596715927124, 1.3307337760925293, -0.3742996044992091, 1759519786028912018, 
-3.564955472946167, 1.327489972114563, -0.351760796665661, 1759519786076931179, 
-3.5557987689971924, 1.3242406845092773, -0.32777012695694263, 1759519786124932158, 
-3.5466787815093994, 1.3212124109268188, -0.30221931623756687, 1759519786174561159, 
-3.537438154220581, 1.3185021877288818, -0.2778173462954502, 1759519786221079542, 
-3.525331735610962, 1.3151122331619263, -0.24597972371719956, 1759519786283913863, 
-3.5158448219299316, 1.312821626663208, -0.22216384379235343, 1759519786332937020, 
-3.506990671157837, 1.3108645677566528, -0.19843724513241762, 1759519786379911137, 
-3.4975523948669434, 1.3089600801467896, -0.17272070626086658, 1759519786428943220, 
-3.4883906841278076, 1.3074949979782104, -0.14866281344535243, 1759519786477269472, 
-3.478811264038086, 1.30605947971344, -0.12458432250370591, 1759519786525025004, 
-3.4691803455352783, 1.3049046993255615, -0.09973470978592995, 1759519786573186607, 
-3.456268072128296, 1.303749442100525, -0.06787606312275403, 1759519786636870700, 
-3.446704387664795, 1.3031412363052368, -0.04267027132125258, 1759519786684984731, 
-3.436755895614624, 1.302858829498291, -0.017933899682965052, 1759519786733059816, 
-3.4272007942199707, 1.3028271198272705, 0.00616378015339204, 1759519786780957066, 
-3.4174180030822754, 1.30298912525177, 0.02992493784161727, 1759519786828920522, 
-3.408156633377075, 1.3033952713012695, 0.053437425246803914, 1759519786877001867, 
-3.398930311203003, 1.3039497137069702, 0.07658751761121016, 1759519786925437923, 
-3.3892648220062256, 1.3047276735305786, 0.10021379710881684, 1759519786973177439, 
-3.3765265941619873, 1.3060458898544312, 0.1319035988419984, 1759519787036931971, 
-3.366894483566284, 1.3074382543563843, 0.1557465847502153, 1759519787084905441, 
-3.356980323791504, 1.3090261220932007, 0.17995105759306954, 1759519787132936487, 
-3.3475379943847656, 1.3107303380966187, 0.20551033306582708, 1759519787181901098, 
-3.3385090827941895, 1.3128950595855713, 0.22936432182379435, 1759519787228927170, 
-3.3290369510650635, 1.3152211904525757, 0.2534661130923334, 1759519787277106430, 
-3.3200643062591553, 1.3175795078277588, 0.27771819915589185, 1759519787324785532, 
-3.3106753826141357, 1.3204208612442017, 0.3013374327417357, 1759519787373248033, 
-3.2987985610961914, 1.324177622795105, 0.3336660261041329, 1759519787436912264, 
-3.289656400680542, 1.32746160030365, 0.3589488539707413, 1759519787484939933, 
-3.2805368900299072, 1.3310985565185547, 0.3830403212396422, 1759519787532917146, 
-3.271545171737671, 1.3348658084869385, 0.40699065783071936, 1759519787580920616, 
-3.2627758979797363, 1.338893175125122, 0.4307282317476732, 1759519787628924159, 
-3.253986120223999, 1.3430445194244385, 0.4546773534453046, 1759519787676985720, 
-3.245429754257202, 1.3472471237182617, 0.4793818279741039, 1759519787725428041, 
-3.2371177673339844, 1.3516905307769775, 0.5034377361677914, 1759519787773608946, 
-3.226198196411133, 1.357945203781128, 0.5344403695633294, 1759519787836922234, 
-3.217789649963379, 1.3629263639450073, 0.5579213764801632, 1759519787884999351, 
-3.2098591327667236, 1.3680663108825684, 0.5817167777171991, 1759519787932935474, 
-3.2018935680389404, 1.373261570930481, 0.6077636070347555, 1759519787980931028, 
-3.1942756175994873, 1.3785653114318848, 0.6337084434947539, 1759519788028933527, 
-3.186558961868286, 1.3843706846237183, 0.6574652449890571, 1759519788077034741, 
-3.178995132446289, 1.390305995941162, 0.6808340471256844, 1759519788124844993, 
-3.17145037651062, 1.396356225013733, 0.7052738479250934, 1759519788173357709, 
-3.162069082260132, 1.4045389890670776, 0.7374395247598631, 1759519788236885968, 
-3.154926300048828, 1.411044955253601, 0.7621564056043305, 1759519788284920221, 
-3.1481235027313232, 1.4175751209259033, 0.7850550189983916, 1759519788333077564, 
-3.141157388687134, 1.4246190786361694, 0.8081421223533589, 1759519788381081114, 
-3.1345365047454834, 1.431524395942688, 0.8331185784224331, 1759519788430044337, 
-3.1283082962036133, 1.4384253025054932, 0.8575784657729444, 1759519788476954415, 
-3.1220874786376953, 1.4456067085266113, 0.8821312516842044, 1759519788525453633, 
-3.1158974170684814, 1.4532560110092163, 0.9063211024235458, 1759519788573037756, 
-3.1100056171417236, 1.4608323574066162, 0.9312234310839255, 1759519788621347368, 
-3.1022398471832275, 1.4716732501983643, 0.9608729242312162, 1759519788685244538, 
-3.096829414367676, 1.4795161485671997, 0.9843614974051252, 1759519788733123197, 
-3.0916881561279297, 1.487141489982605, 1.007470639921578, 1759519788781120500, 
-3.0867719650268555, 1.4950995445251465, 1.0319478233366604, 1759519788830398627, 
-3.0818653106689453, 1.5033295154571533, 1.0554728410463539, 1759519788876726932, 
-3.0771732330322266, 1.511757493019104, 1.0799200574181465, 1759519788925475481, 
-3.0727038383483887, 1.5204050540924072, 1.1033303613902479, 1759519788973421406, 
-3.0668628215789795, 1.5318232774734497, 1.1376298637480362, 1759519789037267014, 
-3.0629451274871826, 1.5403512716293335, 1.1623321972758898, 1759519789085190796, 
-3.059218406677246, 1.549186110496521, 1.186449730671432, 1759519789133139543, 
-3.0555472373962402, 1.5579386949539185, 1.2105747656340016, 1759519789181248207, 
-3.0523719787597656, 1.5669703483581543, 1.233740298302888, 1759519789228958488, 
-3.049248218536377, 1.575998306274414, 1.2571780537691455, 1759519789277580319, 
-3.046260356903076, 1.585200309753418, 1.2809962833570405, 1759519789325026611, 
-3.0435495376586914, 1.5943535566329956, 1.3049328665049926, 1759519789372809346, 
-3.041013240814209, 1.6037780046463013, 1.3290714173919398, 1759519789421555944, 
-3.038194417953491, 1.6165924072265625, 1.3608715243103302, 1759519789485151274, 
-3.036224365234375, 1.6258589029312134, 1.3850995754127036, 1759519789533092308, 
-3.03444504737854, 1.635033369064331, 1.4098633162476155, 1759519789580932264, 
-3.0328783988952637, 1.64469313621521, 1.4339509043355039, 1759519789629932117, 
-3.031700611114502, 1.6543662548065186, 1.456910325996511, 1759519789678035953, 
-3.030620813369751, 1.6639167070388794, 1.4810236790599354, 1759519789725082381, 
-3.029867649078369, 1.6731202602386475, 1.5061875821069337, 1759519789773074894, 
-3.029222249984741, 1.6829628944396973, 1.5302495015685014, 1759519789821552251, 
-3.028730869293213, 1.6952623128890991, 1.5624261053271422, 1759519789884924935, 
-3.0286548137664795, 1.7049740552902222, 1.5871612823525718, 1759519789932965446, 
-3.028846502304077, 1.7148642539978027, 1.611826724709869, 1759519789980940933, 
-3.029221773147583, 1.7244720458984375, 1.6364434167353008, 1759519790028927843, 
-3.029927968978882, 1.734024167060852, 1.660779192842566, 1759519790076924944, 
-3.0308430194854736, 1.7438099384307861, 1.6840963768509576, 1759519790125130288, 
-3.0319864749908447, 1.7529653310775757, 1.708112446880701, 1759519790173531116, 
-3.0333516597747803, 1.7628037929534912, 1.7319579085549526, 1759519790221050622, 
-3.0356011390686035, 1.7753459215164185, 1.762376749365536, 1759519790284944909, 
-3.0374603271484375, 1.7848936319351196, 1.7871690034930026, 1759519790332915126, 
-3.039609432220459, 1.7944920063018799, 1.8110593352058666, 1759519790380945056, 
-3.041879177093506, 1.803797960281372, 1.8348919074446606, 1759519790428919207, 
-3.044332504272461, 1.8131245374679565, 1.85969641621922, 1759519790476953040, 
-3.0471596717834473, 1.8223440647125244, 1.884700975965169, 1759519790525035189, 
-3.050243616104126, 1.8311792612075806, 1.9091421086496871, 1759519790572989834, 
-3.0535402297973633, 1.8405944108963013, 1.9340746576241177, 1759519790620883279, 
-3.0583653450012207, 1.8526158332824707, 1.9653955852578382, 1759519790685071774, 
-3.062131404876709, 1.8614388704299927, 1.9881527694212442, 1759519790732930487, 
-3.065988302230835, 1.8703199625015259, 2.0124849398882545, 1759519790780920684, 
-3.070129156112671, 1.8788751363754272, 2.0368855802315613, 1759519790828924645, 
-3.0744969844818115, 1.8874502182006836, 2.061632145131838, 1759519790876920240, 
-3.07907772064209, 1.895941972732544, 2.0866899469076143, 1759519790925980174, 
-3.083919048309326, 1.9041813611984253, 2.1104437930521254, 1759519790973699958, 
-3.089120626449585, 1.9127930402755737, 2.1343189040252146, 1759519791021192845, 
-3.0961618423461914, 1.9238172769546509, 2.1667355675609064, 1759519791085926542, 
-3.1012825965881348, 1.931344747543335, 2.19030342215532, 1759519791132959751, 
-3.1067917346954346, 1.9391107559204102, 2.2148522078975117, 1759519791180921527, 
-3.1126270294189453, 1.946702241897583, 2.2385832849669254, 1759519791228922740, 
-3.118741750717163, 1.954369306564331, 2.261780552214303, 1759519791277099840, 
-3.1247918605804443, 1.9614685773849487, 2.285858306167919, 1759519791325004572, 
-3.131063222885132, 1.9687741994857788, 2.3110838967205205, 1759519791373105465, 
-3.1396901607513428, 1.9780254364013672, 2.3435249576314474, 1759519791437517107, 
-3.1465330123901367, 1.9851142168045044, 2.3683807526795277, 1759519791485103720, 
-3.153378963470459, 1.9917372465133667, 2.392070786557487, 1759519791532924103, 
-3.160421371459961, 1.998214840888977, 2.41452695856594, 1759519791580959292, 
-3.16757869720459, 2.0044429302215576, 2.4387343196680717, 1759519791628928832, 
-3.174748659133911, 2.010551929473877, 2.4633593681987667, 1759519791676928451, 
-3.1822164058685303, 2.016289234161377, 2.4880634288712002, 1759519791726038357, 
-3.189920663833618, 2.022146224975586, 2.512975265747313, 1759519791773276286, 
-3.2004165649414062, 2.0294976234436035, 2.544281640894844, 1759519791836935860, 
-3.2085952758789062, 2.0349173545837402, 2.567794917438772, 1759519791884969619, 
-3.2167255878448486, 2.040257692337036, 2.5930239986891572, 1759519791933967597, 
-3.2245545387268066, 2.0450446605682373, 2.6168682113707233, 1759519791980973554, 
-3.232980728149414, 2.04976224899292, 2.6399473487920595, 1759519792028969918, 
-3.2415153980255127, 2.0544373989105225, 2.6633756791434067, 1759519792076989257, 
-3.2499589920043945, 2.0585806369781494, 2.687102818610727, 1759519792125053103, 
-3.2589519023895264, 2.062891960144043, 2.712637648113901, 1759519792174102894, 
-3.270115613937378, 2.0679564476013184, 2.746464290602129, 1759519792237340815, 
-3.2792320251464844, 2.0715408325195312, 2.769351980191252, 1759519792285056745, 
-3.2883832454681396, 2.075146436691284, 2.7940192468796217, 1759519792333966655, 
-3.2974131107330322, 2.078338623046875, 2.8172959916980727, 1759519792380966710, 
-3.306532382965088, 2.0812997817993164, 2.8408265083066917, 1759519792428941129, 
-3.315570116043091, 2.084091901779175, 2.8653495200889996, 1759519792477380135, 
-3.3246541023254395, 2.086588144302368, 2.8907360793613397, 1759519792526092885, 
-3.3341031074523926, 2.088979721069336, 2.9154226789623108, 1759519792573805685, 
-3.3431315422058105, 2.0909605026245117, 2.938936488565395, 1759519792621337731, 
-3.355534315109253, 2.0934457778930664, 2.970752706965791, 1759519792685491498, 
-3.3650963306427, 2.0950372219085693, 2.9956412454260257, 1759519792733096804, 
-3.374645471572876, 2.0964231491088867, 3.019624248193082, 1759519792781196588, 
-3.384413242340088, 2.097599506378174, 3.0444641009543987, 1759519792830111946, 
-3.3936607837677, 2.098389148712158, 3.0682051185075654, 1759519792876970914, 
-3.4033589363098145, 2.0991082191467285, 3.0930850544523496, 1759519792925067912, 
-3.4130280017852783, 2.0995142459869385, 3.1170916550453045, 1759519792973496489, 
-3.4223721027374268, 2.099621534347534, 3.1401939393078426, 1759519793020944813, 
-3.435081958770752, 2.0996062755584717, -3.1116375933017486, 1759519793085210623, 
-3.4446520805358887, 2.099219560623169, -3.0876378918445178, 1759519793132946041, 
-3.45430326461792, 2.098684310913086, -3.063330646711227, 1759519793181950851, 
-3.4636924266815186, 2.0979061126708984, -3.038297168485878, 1759519793228949020, 
-3.4729795455932617, 2.096799373626709, -3.013436566839556, 1759519793276947770, 
-3.4825210571289062, 2.0954315662384033, -2.989282377328008, 1759519793325046504, 
-3.491994619369507, 2.0940568447113037, -2.964382616159417, 1759519793373016036, 
-3.5045998096466064, 2.0916531085968018, -2.9338333838631065, 1759519793437212764, 
-3.513730049133301, 2.0897409915924072, -2.9098231907876912, 1759519793484960360, 
-3.523124933242798, 2.087510108947754, -2.8848163845400907, 1759519793532981382, 
-3.5323727130889893, 2.084897756576538, -2.861690776109786, 1759519793581981899, 
-3.5415797233581543, 2.0822253227233887, -2.838199361431695, 1759519793628985004, 
-3.550475835800171, 2.0793581008911133, -2.8137953174635673, 1759519793676952470, 
-3.5598344802856445, 2.0760178565979004, -2.789818553841116, 1759519793725049719, 
-3.5686681270599365, 2.0728321075439453, -2.7655579603661025, 1759519793772881855, 
-3.5806844234466553, 2.0680203437805176, -2.73208092785885, 1759519793836951176, 
-3.5893940925598145, 2.0641260147094727, -2.708644131128885, 1759519793884989005, 
-3.597973585128784, 2.060163736343384, -2.68504116723838, 1759519793932961911, 
-3.6063032150268555, 2.0560054779052734, -2.6609668648347613, 1759519793981025448, 
-3.614875316619873, 2.051248788833618, -2.637030194910651, 1759519794029020633, 
-3.6229209899902344, 2.0466511249542236, -2.6126227506626987, 1759519794076990416, 
-3.6314382553100586, 2.041611909866333, -2.5884757395812388, 1759519794125039949, 
-3.6394059658050537, 2.036649703979492, -2.5649143364945246, 1759519794173061315, 
-3.650233745574951, 2.029430627822876, -2.5319649907382282, 1759519794237228380, 
-3.657865285873413, 2.0241148471832275, -2.5061602715618085, 1759519794284960532, 
-3.6653404235839844, 2.018505334854126, -2.481428366412666, 1759519794332971599, 
-3.672973155975342, 2.0124354362487793, -2.4576908182064745, 1759519794380967003, 
-3.6806585788726807, 2.0061986446380615, -2.4337912375206465, 1759519794429988682, 
-3.6875438690185547, 2.0000882148742676, -2.4101161570989365, 1759519794476989429, 
-3.6947402954101562, 1.9936151504516602, -2.386355150556489, 1759519794524963633, 
-3.701373815536499, 1.9872338771820068, -2.3621260793537817, 1759519794572854695, 
-3.710489511489868, 1.9779630899429321, -2.3296680658533346, 1759519794637122825, 
-3.717233657836914, 1.9709222316741943, -2.3049843489367476, 1759519794685603048, 
-3.7236568927764893, 1.9638019800186157, -2.2813635037733917, 1759519794733302257, 
-3.729916572570801, 1.9564951658248901, -2.257232164634962, 1759519794781504878, 
-3.7362160682678223, 1.9489502906799316, -2.230689206024923, 1759519794830967128, 
-3.7416365146636963, 1.9418394565582275, -2.2086867845565563, 1759519794876982890, 
-3.7473793029785156, 1.933932900428772, -2.184957030461384, 1759519794925076928, 
-3.7529170513153076, 1.9260845184326172, -2.1605706772829567, 1759519794972741825, 
-3.759882688522339, 1.9153248071670532, -2.1289004833961545, 1759519795037274302, 
-3.7647998332977295, 1.9073729515075684, -2.1046059277502174, 1759519795085033596, 
-3.7696003913879395, 1.8991070985794067, -2.08015082394442, 1759519795133037278, 
-3.7742443084716797, 1.8905632495880127, -2.0556955740958105, 1759519795181377315, 
-3.7787535190582275, 1.8818598985671997, -2.030790361864908, 1759519795231531945, 
-3.783031463623047, 1.873262643814087, -2.0065631273604407, 1759519795277341493, 
-3.7868824005126953, 1.864741325378418, -1.9830408343167871, 1759519795325089215, 
-3.7906501293182373, 1.8560974597930908, -1.959099892319968, 1759519795373103596, 
-3.7955965995788574, 1.8440806865692139, -1.9263634171981068, 1759519795439339984, 
-3.7987372875213623, 1.8354583978652954, -1.9039089255871788, 1759519795485630208, 
-3.8018364906311035, 1.8261853456497192, -1.879761239520931, 1759519795533189534, 
-3.8037538528442383, 1.8201195001602173, -1.8629260605298925, 1759519795565078221, 
-3.8071744441986084, 1.8079261779785156, -1.829564392215041, 1759519795630077350, 
-3.8096625804901123, 1.7982310056686401, -1.8049995915277097, 1759519795678266085, 
-3.811872720718384, 1.7890974283218384, -1.780167867449743, 1759519795726420586, 
-3.813770055770874, 1.7798213958740234, -1.7576076223052448, 1759519795773693259, 
-3.8155009746551514, 1.7704856395721436, -1.7341740117652915, 1759519795821401745, 
-3.8175113201141357, 1.7580931186676025, -1.7005685561320483, 1759519795885383417, 
-3.818692922592163, 1.7487154006958008, -1.6773989667847566, 1759519795933081830, 
-3.819655179977417, 1.7392135858535767, -1.6537479601255243, 1759519795980991647, 
-3.8204853534698486, 1.7296462059020996, -1.6286913352555015, 1759519796029994971, 
-3.8209900856018066, 1.71943199634552, -1.60445925117824, 1759519796078039262, 
-3.8212881088256836, 1.7103208303451538, -1.5801578621449046, 1759519796125023880, 
-3.8213441371917725, 1.7007277011871338, -1.5551879498006769, 1759519796172992581, 
-3.8210721015930176, 1.6913862228393555, -1.5311574757656274, 1759519796221088059, 
-3.820571184158325, 1.6788874864578247, -1.4991578278631703, 1759519796284758587, 
-3.819845676422119, 1.6694263219833374, -1.476124044409303, 1759519796333108060, 
-3.818894624710083, 1.6598695516586304, -1.452418738090688, 1759519796381047916, 
-3.8177571296691895, 1.6503269672393799, -1.4276056549151988, 1759519796429978915, 
-3.8163106441497803, 1.6407257318496704, -1.4052188211545895, 1759519796477009405, 
-3.814680814743042, 1.6316676139831543, -1.3806473577994836, 1759519796524987515, 
-3.8128163814544678, 1.6219819784164429, -1.3561028247642894, 1759519796573009455, 
-3.8107047080993652, 1.6127324104309082, -1.332255063149165, 1759519796621298385, 
-3.8074214458465576, 1.6003551483154297, -1.2990757137484026, 1759519796685019160, 
-3.80488657951355, 1.590954303741455, -1.2750343850652894, 1759519796733016342, 
-3.8020434379577637, 1.5818320512771606, -1.2519070487157709, 1759519796780981964, 
-3.7990498542785645, 1.572947382926941, -1.227774413320324, 1759519796828986861, 
-3.795686960220337, 1.5636898279190063, -1.2034917739569078, 1759519796876990188, 
-3.79217529296875, 1.5549798011779785, -1.1786551901729647, 1759519796926103026, 
-3.7885453701019287, 1.5463184118270874, -1.1546895363439775, 1759519796973004019, 
-3.7845990657806396, 1.5372090339660645, -1.130236482686413, 1759519797021034738, 
-3.7788403034210205, 1.525244951248169, -1.0979309618735453, 1759519797086213747, 
-3.7744200229644775, 1.5166865587234497, -1.0742497036686551, 1759519797133045657, 
-3.76992130279541, 1.5085221529006958, -1.0499290348157715, 1759519797181017541, 
-3.765115976333618, 1.5002070665359497, -1.0252047080553144, 1759519797228991940, 
-3.7599408626556396, 1.4920083284378052, -1.0015453083892916, 1759519797276988314, 
-3.754531145095825, 1.4838755130767822, -0.9773654421608401, 1759519797326009889, 
-3.7492289543151855, 1.476157546043396, -0.9553515307500857, 1759519797373403756, 
-3.7435927391052246, 1.4684226512908936, -0.9308324393329649, 1759519797421208073, 
-3.736095905303955, 1.4584277868270874, -0.8965317310603431, 1759519797486145695, 
-3.7300171852111816, 1.4509565830230713, -0.8734338541649007, 1759519797533027783, 
-3.7238423824310303, 1.443576693534851, -0.8488444673491559, 1759519797580992314, 
-3.717395067214966, 1.4362637996673584, -0.8240264431942496, 1759519797629020243, 
-3.710919141769409, 1.4293859004974365, -0.7996115089384599, 1759519797677002176, 
-3.704007387161255, 1.4223519563674927, -0.774478428680491, 1759519797726008526, 
-3.6973695755004883, 1.4159586429595947, -0.7503612977596712, 1759519797773487038, 
-3.687662363052368, 1.4071210622787476, -0.7181823640683327, 1759519797838085394, 
-3.680467367172241, 1.400844693183899, -0.6949465213093395, 1759519797886100328, 
-3.6730382442474365, 1.3948286771774292, -0.6723256004585647, 1759519797933025975, 
-3.665708303451538, 1.3890674114227295, -0.6474064922278419, 1759519797981022075, 
-3.6580288410186768, 1.383088231086731, -0.6219237887631484, 1759519798029000501, 
-3.650352716445923, 1.3776154518127441, -0.5975292754251241, 1759519798077034305, 
-3.641880989074707, 1.3719391822814941, -0.5729438811756992, 1759519798126007232, 
-3.6336610317230225, 1.3666740655899048, -0.5492469144296994, 1759519798175618639, 
-3.6257667541503906, 1.3620350360870361, -0.527570784557893, 1759519798221093874, 
-3.6147148609161377, 1.355821132659912, -0.49450799182169836, 1759519798286013448, 
-3.606419801712036, 1.351415991783142, -0.4702854618590172, 1759519798334031687, 
-3.5979108810424805, 1.3472869396209717, -0.44745376811077964, 1759519798381006875, 
-3.5887296199798584, 1.3430107831954956, -0.42414453708697397, 1759519798428999785, 
-3.5800840854644775, 1.3392200469970703, -0.40085478228769017, 1759519798477111465, 
-3.5711119174957275, 1.3355985879898071, -0.37613947123067865, 1759519798525150508, 
-3.5621302127838135, 1.3322319984436035, -0.34855367089612543, 1759519798574042443, 
-3.5534563064575195, 1.3290232419967651, -0.32307084467163455, 1759519798622162036, 
-3.5412683486938477, 1.3252232074737549, -0.29129142234118865, 1759519798685267013, 
-3.5320589542388916, 1.3225603103637695, -0.2675462992564909, 1759519798733120447, 
-3.522716999053955, 1.3201093673706055, -0.2435277015204648, 1759519798781242749, 
-3.512996196746826, 1.3177908658981323, -0.21938178097224353, 1759519798830044169, 
-3.503509283065796, 1.315789818763733, -0.1956201924146368, 1759519798878063764, 
-3.494269847869873, 1.3140136003494263, -0.1720365699532219, 1759519798925220168, 
-3.4849486351013184, 1.3125135898590088, -0.14836985913056128, 1759519798972749933, 
-3.472236156463623, 1.3108255863189697, -0.1142653259503989, 1759519799038582152, 
-3.4661343097686768, 1.3101201057434082, -0.09747175010887986, 1759519799069084048, 
-3.453594923019409, 1.309030294418335, -0.0655309014386744, 1759519799133316369, 
-3.443018674850464, 1.3084052801132202, -0.04113687099129289, 1759519799183069398, 
-3.4340097904205322, 1.3081589937210083, -0.019319055813335668, 1759519799229087091, 
-3.4242119789123535, 1.3082104921340942, 0.004651761236330464, 1759519799277010160, 
-3.4150054454803467, 1.3082507848739624, 0.029195303710974813, 1759519799325095590, 
-3.4054555892944336, 1.3086282014846802, 0.054590821355990866, 1759519799373083192, 
-3.39253568649292, 1.3095102310180664, 0.08725032029921949, 1759519799438211049, 
-3.382960081100464, 1.3102569580078125, 0.1122736162333656, 1759519799485208112, 
-3.3735687732696533, 1.3114861249923706, 0.13701891063510863, 1759519799533041400, 
-3.3636600971221924, 1.3128496408462524, 0.16086777299305138, 1759519799582044244, 
-3.354513168334961, 1.3143383264541626, 0.1838057552576169, 1759519799629049081, 
-3.344965934753418, 1.3162314891815186, 0.2086200168266479, 1759519799678021622, 
-3.3358166217803955, 1.3180854320526123, 0.23208522371427004, 1759519799725120394, 
-3.3263347148895264, 1.320508599281311, 0.255802770839761, 1759519799773102045, 
-3.3139586448669434, 1.3239015340805054, 0.2884472705340696, 1759519799838499477, 
-3.304734945297241, 1.3267673254013062, 0.31223527211640484, 1759519799885026334, 
-3.2957005500793457, 1.3296571969985962, 0.33657169854553676, 1759519799933047710, 
-3.2863123416900635, 1.3330918550491333, 0.35972600167794705, 1759519799981049260, 
-3.2770254611968994, 1.3367811441421509, 0.3830854125577274, 1759519800030047888, 
-3.268393039703369, 1.3404213190078735, 0.40649277980988546, 1759519800078016659, 
-3.2600936889648438, 1.3442120552062988, 0.4301561680393185, 1759519800125047128, 
-3.2515687942504883, 1.3483260869979858, 0.4556800172605354, 1759519800173085729, 
-3.2433671951293945, 1.3524256944656372, 0.48005192916441647, 1759519800221273322, 
-3.231884717941284, 1.3586199283599854, 0.5118843625154157, 1759519800285039058, 
-3.223785400390625, 1.3633567094802856, 0.5362689899693346, 1759519800333028837, 
-3.215479850769043, 1.3683210611343384, 0.561633860279778, 1759519800381051504, 
-3.2070536613464355, 1.3737797737121582, 0.5868320447489371, 1759519800431055165, 
-3.199166774749756, 1.379021406173706, 0.6104327836194905, 1759519800478053241, 
-3.1913769245147705, 1.384486436843872, 0.6341237335734469, 1759519800525171119, 
-3.1837971210479736, 1.3901313543319702, 0.657524601451597, 1759519800573245574, 
-3.1764848232269287, 1.395825743675232, 0.6818846204895649, 1759519800621138907, 
-3.166712760925293, 1.4040149450302124, 0.7139183827183738, 1759519800685059065, 
-3.159419536590576, 1.4105647802352905, 0.7371124099199914, 1759519800733057659, 
-3.1522796154022217, 1.417065143585205, 0.7607099270923297, 1759519800781177624, 
-3.1452059745788574, 1.4241966009140015, 0.785409706361872, 1759519800830171901, 
-3.1386728286743164, 1.4308981895446777, 0.8090258320149589, 1759519800878068782, 
-3.1321568489074707, 1.4376695156097412, 0.8333658792490631, 1759519800925147338, 
-3.12593150138855, 1.4444814920425415, 0.858519134478431, 1759519800973704119, 
-3.117556095123291, 1.4545046091079712, 0.8909840726557916, 1759519801038569093, 
-3.111642837524414, 1.4615893363952637, 0.9150047976734476, 1759519801085527258, 
-3.1057324409484863, 1.469310998916626, 0.9390731705090732, 1759519801133367506, 
-3.1003100872039795, 1.4766875505447388, 0.9628771075233895, 1759519801181340997, 
-3.0945451259613037, 1.4850116968154907, 0.989029142564275, 1759519801231286003, 
-3.0895283222198486, 1.4928339719772339, 1.0125556708034509, 1759519801278307908, 
-3.0844736099243164, 1.500991940498352, 1.0361633444537826, 1759519801325059640, 
-3.079535484313965, 1.5094609260559082, 1.0600360275772918, 1759519801373064599, 
-3.0749125480651855, 1.5176962614059448, 1.0842525028250611, 1759519801421698086, 
