odom_x, odom_y, odom_th, odom_vx, odom_yawrate, pf_x, pf_y, pf_th, stamp, 
5.796889905248311e-05, -9.940455542680895e-07, 7.947942931097901e-07, 3.1749818548960394e-06, -6.243657047455318e-08, 0.019107019844969948, 0.08418286105706907, -0.0010697624460273625, 9440000000, 
5.787428085548258e-05, -9.939657741210282e-07, 7.988339844188783e-07, 8.553759372008178e-07, -8.602881948877925e-08, 0.021766078167177336, 0.08850416070266989, 0.00041218649054440635, 9644000000, 
5.796070744749919e-05, -9.939376327402378e-07, 8.047618640896545e-07, 1.7544788846664387e-06, -6.670396724819415e-08, 0.025686943993857247, 0.08019330471094901, 1.6855266853794803e-05, 9848000000, 
5.792983449450714e-05, -9.939012212922463e-07, 8.093736762594114e-07, 3.1271227413810436e-06, -6.322819541857046e-08, 0.01918441988791626, 0.08432614098871419, -0.0007261170132427953, 10052000000, 
5.798503650481396e-05, -9.938048439512316e-07, 8.15116084821759e-07, 2.2220859152199166e-06, -7.841504771722223e-08, 0.020065197326753097, 0.08041870278803487, -0.006210089848205274, 10256000000, 
5.7944190956385855e-05, -9.938716677425865e-07, 8.196500867269498e-07, 4.380087438304204e-06, -5.1780190285342085e-08, 0.024000190446547852, 0.08288583031647939, 0.0024503590234590047, 10460000000, 
5.799023316859646e-05, -9.937989583502417e-07, 8.252018601046416e-07, 7.282014297972667e-07, -8.993001318224387e-08, 0.03132377246833822, 0.08110198580264198, -0.0008196612620841544, 10664000000, 
5.7978715541763664e-05, -9.93881334311099e-07, 8.301266099356236e-07, 4.889864357897713e-06, -5.7299465532243616e-08, 0.030426293674622865, 0.07759252899574821, 0.0033032855497069774, 10868000000, 
5.800750438740685e-05, -9.938928521325291e-07, 8.354816383214227e-07, 3.46271251218269e-06, -7.224349878549747e-08, 0.023415367043258487, 0.07872030563056952, 0.0039150530414595415, 11072000000, 
5.801431596067427e-05, -9.939447138040405e-07, 8.414989282851322e-07, 2.4595944203289688e-06, -6.234365018406834e-08, 0.030710758761804034, 0.08502392882898409, 0.0031745863148221446, 11310000000, 
5.803224520020688e-05, -9.93967924726916e-07, 8.467392691021411e-07, 2.7469189650263364e-06, -7.835090982798868e-08, 0.0216597031436771, 0.09232988113826948, 0.002645256745528582, 11514000000, 
0.0056564087760938575, -1.9940344184602418e-05, -0.013830740322795671, 0.0739665928978435, -0.46905334991987696, 0.02296454155934565, 0.07981115073893257, -0.025140038621055075, 11718000000, 
0.03353182048412394, -0.0020271835725782224, -0.11911081795444999, 0.15390781566729272, -0.4856147556016492, 0.0585857938269596, 0.06783900167268425, -0.12346569613408845, 11922000000, 
0.0645000282810056, -0.007322906792209951, -0.2206906647633632, 0.15369435631715214, -0.5038615824107074, 0.09378898920130277, 0.072669229506981, -0.22973184904325766, 12126000000, 
0.08971785076403449, -0.014104021626385828, -0.30568867644901776, 0.1529875162983968, -0.4991966185083296, 0.13076727824906786, 0.06341463325530905, -0.32402155254559645, 12296000000, 
0.119071170844814, -0.025018934133887148, -0.4076429870944954, 0.15361262879461943, -0.4999842641129639, 0.14994719204521395, 0.05748420678976935, -0.4256518573943901, 12500000000, 
0.14724753465704962, -0.038906229079386824, -0.5096348170229578, 0.1532278981752871, -0.4999644269404672, 0.17927462882581913, 0.04136395251400427, -0.5296638015842289, 12704000000, 
0.17347893349762838, -0.05532387695003444, -0.6073677160255146, 0.1489571645051777, -0.40828483394680015, 0.20375017351953634, 0.021233515719520778, -0.6216161802864887, 12908000000, 
0.1973360293887356, -0.07331487623700866, -0.6800521231043185, 0.1445051930898641, -0.23692462326885053, 0.22270732664010623, 0.014994220140257565, -0.6875263245250623, 13112000000, 
0.21933600508730158, -0.0919400187969339, -0.7200168567937285, 0.13881645770363846, -0.08053713176383737, 0.24779850646271265, -0.01477379170177535, -0.7201662583482575, 13316000000, 
0.24020956061877557, -0.11070189713354835, -0.7427042740044031, 0.1364177379358423, -0.056589120648380065, 0.2637627139006561, -0.026657931990454964, -0.7409113607353783, 13520000000, 
0.25709867565712, -0.12640441399123684, -0.755192377383505, 0.13365138972976948, -0.046607166457575934, 0.2860095871338202, -0.03843197445592806, -0.7559027863160989, 13690000000, 
0.2767425691198055, -0.1450593856971098, -0.7641265679495146, 0.1311380778060262, -0.03135269683953074, 0.3056668355437837, -0.0639064282658719, -0.7629878505665781, 13894000000, 
0.29586974239159963, -0.16349912431978836, -0.769669439767391, 0.12910490910888361, -0.019829576954321804, 0.3230225510443971, -0.08318123128663923, -0.7690958985486884, 14098000000, 
0.31458136906856793, -0.18171892152550723, -0.7737425202824969, 0.12647485216178678, -0.009830820597011347, 0.3406369026005499, -0.11519642969722585, -0.7704238244883104, 14302000000, 
0.33284885672024855, -0.19962208760006717, -0.7762174305171315, 0.12396509438581857, -0.0052474660806957635, 0.34368599194401506, -0.11139324028032706, -0.7743455533563554, 14506000000, 
0.35068891661847024, -0.2171716220980321, -0.7773256329975896, 0.12103354361774551, 0.0032506445765577855, 0.3768624071453715, -0.13395704195041033, -0.77460855888384, 14710000000, 
0.3681906121217635, -0.23440208490778458, -0.7773816660303435, 0.12002718656733119, 0.00012151133489599357, 0.3880858960589593, -0.15755769521899024, -0.777998657668748, 14914000000, 
0.3855178478721849, -0.25146139242350796, -0.7776434693521466, 0.11752058622442574, -0.006362768878674993, 0.4124806219512993, -0.17247784592924467, -0.7770061112712286, 15118000000, 
0.39964519613067717, -0.2653858881535115, -0.7781945463667098, 0.11490585802045343, 0.00615302742794858, 0.4290376592543468, -0.19079810319112844, -0.7789387040237808, 15288000000, 
0.41626492415087063, -0.2817551947275541, -0.7772799861329936, 0.1126465472013222, -0.0024482677903260356, 0.44278110549187877, -0.20699545260990607, -0.7740134651566849, 15492000000, 
0.43249119896110355, -0.29772764880986047, -0.7773027223852483, 0.1103104818903586, 0.0038183929149403243, 0.4636909977712264, -0.2203139876733092, -0.7740911502051994, 15696000000, 
0.44839446003295, -0.31337297462645136, -0.7771111298356042, 0.10830713712463186, -0.002201677138392337, 0.4764117630659642, -0.2455569379624042, -0.7816111325106946, 15900000000, 
0.46400737903720746, -0.3287339713235156, -0.7774995270749968, 0.10610347596425512, -0.006145507948895354, 0.49784803169664626, -0.2507827378772835, -0.7761238599041892, 16104000000, 
0.47929002508267066, -0.3437883239011711, -0.7775201093523816, 0.10384012868456338, 0.014456639415115182, 0.5043527103381051, -0.261552680284739, -0.7762583189742798, 16308000000, 
0.49426456865945634, -0.35850830889469393, -0.7767591316260706, 0.10196293753732794, -0.010426450039491575, 0.5191282482747713, -0.2807638436386135, -0.7759083949729965, 16512000000, 
0.5089975700174757, -0.3729993478881066, -0.7773955219567583, 0.10064352385567028, -0.0010994824690565607, 0.5368513465023955, -0.2858831404469833, -0.7769345489678123, 16716000000, 
0.521124378244658, -0.38493804567619544, -0.777745962443192, 0.09870800533795324, 4.999205880433894e-05, 0.5516535797338078, -0.31120673163148505, -0.782139669290344, 16886000000, 
0.5354103980088805, -0.39900541442426446, -0.7777873773249357, 0.09705587151435655, -0.006880674012211464, 0.5675833161923066, -0.32600918961310826, -0.7812732684785745, 17090000000, 
0.5493915351824985, -0.4127906028688525, -0.778346239852961, 0.09479785661645737, 0.01006917277020198, 0.5854233876931138, -0.3355667673185483, -0.7735830921797797, 17294000000, 
0.5630406867172068, -0.42623669134151665, -0.777563527845306, 0.09279214216329279, 0.0026876528721950133, 0.5863184259160973, -0.34376501729614223, -0.7777832056111185, 17498000000, 
0.5764184104860952, -0.4393986183651205, -0.7776026879092452, 0.09090211208110505, -0.013161164666283816, 0.6032614446514813, -0.3588394598898719, -0.779670976545711, 17702000000, 
0.5895595892230294, -0.45235414644476235, -0.7786038359818824, 0.0899486258993325, 0.0037075755484019327, 0.6178843097904413, -0.36059348985530554, -0.774586875831065, 17906000000, 
0.6025404444963774, -0.46516058651865866, -0.778637330545508, 0.08842555283085828, 0.0010141863370197739, 0.6262964495941229, -0.38672838582849944, -0.7768585340065576, 18110000000, 
0.6152860597990665, -0.47773524047126703, -0.7793146584898409, 0.08711628813553252, -0.01723405301531881, 0.6413996865195489, -0.39713480585634575, -0.7778333335284766, 18314000000, 
0.6278032626724144, -0.49012611760833025, -0.7807032098771528, 0.08514237752387006, 0.007561714679765635, 0.65605492982146, -0.40853794939435745, -0.7771507530417511, 18518000000, 
0.638022546775892, -0.5002485628586523, -0.7805643116947308, 0.0833827384828039, -0.0024832199028895535, 0.6658730265944308, -0.42392911646492176, -0.7829556231734074, 18688000000, 
0.6500487933824752, -0.5121611621791458, -0.7807388226421396, 0.08182088634460344, -0.0030668320683159014, 0.6794376594989228, -0.4307418174889735, -0.7807020173861973, 18892000000, 
0.6617988377035725, -0.5238087778318636, -0.7808221897618811, 0.08007680804474915, 0.00987870878064031, 0.6878121692837719, -0.4471219530602297, -0.7837381997740668, 19096000000, 
0.6733267832569788, -0.5352207301862162, -0.7801678890183514, 0.07879306704295683, -0.0037778354553817243, 0.7008800532245211, -0.45222162679404815, -0.7801259331924271, 19300000000, 
0.6846540781027872, -0.5464299103117343, -0.7797162397940827, 0.0771942312766418, 0.011076853550976559, 0.7085388369113029, -0.4652383066968564, -0.7758225418174578, 19504000000, 
0.6957835198493253, -0.5574197918056515, -0.7788500752428992, 0.07601474198172048, -0.00496457556603879, 0.7217564375899864, -0.4825782242404894, -0.7779996555210372, 19708000000, 
0.7067350539026298, -0.5682304993467898, -0.7789832259901278, 0.07473381839773105, -0.0007973558212299726, 0.7348067736317547, -0.4870665207970989, -0.7761901912778906, 19912000000, 
0.7174755162139553, -0.578835625221671, -0.7788311113470556, 0.07298039788311572, 0.0066947891900482346, 0.7451735058069098, -0.5042731555641022, -0.7787580143011604, 20116000000, 
0.7279789296890918, -0.5891949334630605, -0.7785227895200506, 0.07163268498938241, -0.007149069810538266, 0.7602476155609675, -0.50355199094242, -0.7787547193802531, 20320000000, 
0.7365876171169707, -0.5976905340860078, -0.7789447050279747, 0.070063465742259, 0.006001076517019019, 0.7615550855873051, -0.5127861467294669, -0.7795619785461407, 20490000000, 
0.7467052396873477, -0.6076690577315499, -0.7782656728098659, 0.06891641835147871, -0.010860116871427732, 0.7750848412865596, -0.5288081593029594, -0.7772556729790351, 20694000000, 
0.7566505608199299, -0.6174916726719426, -0.7796248177021728, 0.0680697444079969, 0.003234839436495093, 0.7887501562206847, -0.5464898813387441, -0.7832003052528212, 20898000000, 
0.7664460094809638, -0.6271775431506473, -0.7799219804776597, 0.06662297506226558, -0.0012239021363587542, 0.7927870425207973, -0.5420934203375712, -0.7747990591219944, 21102000000, 
0.7759838349529788, -0.636612281094115, -0.7795651982566872, 0.06465267219911351, 0.01122753714828803, 0.8000429334510354, -0.5588025679770291, -0.7697481527887854, 21306000000, 
0.7853121272171515, -0.6458212933486939, -0.7790653639863246, 0.06409339670053527, -0.01314974815922522, 0.8139402756215879, -0.5688012406346371, -0.7802606958560494, 21510000000, 
0.7945505774423085, -0.6549540084061137, -0.7800558500243967, 0.0630062336300502, -0.0011045963673225762, 0.8226292406406563, -0.5714687449741634, -0.7789897555338348, 21714000000, 
0.8035887087327807, -0.6639011279044565, -0.7803032467775709, 0.061419331131536845, 0.0056676251127839765, 0.8336935497648823, -0.5846180388869299, -0.7805295046244808, 21918000000, 
0.8124348920518809, -0.6726536816403725, -0.7801748934512638, 0.060482774584639146, -0.006451942063847699, 0.8395068996225169, -0.5916946623698502, -0.7819228052524939, 22122000000, 
0.8197020768919584, -0.6798490514762088, -0.7806660043661673, 0.059238381986295635, 0.0010491266945217986, 0.8483636702031814, -0.6050689722807296, -0.7797457194335912, 22292000000, 
0.8282371931570242, -0.6883034621103818, -0.7806319674423661, 0.058197622895847595, 0.002041639337325154, 0.8552641769108609, -0.6066718691438682, -0.783067118193167, 22496000000, 
0.8365968850577673, -0.6965795748106792, -0.7799865625380507, 0.056889084911028204, 0.005719215019709376, 0.8620634285112517, -0.6208527391762425, -0.776966986905207, 22700000000, 
0.844798513148036, -0.7046857665938607, -0.7791867323749961, 0.05613979479254966, 0.00160294158397375, 0.8721108075579371, -0.6264762359923607, -0.7791032045364286, 22904000000, 
0.8528841497823904, -0.7126671350858631, -0.7784949040615099, 0.05500092941861153, 0.005762728333733182, 0.8787247808071864, -0.6354902946392039, -0.7808588963525402, 23108000000, 
0.8608084736271666, -0.7204759470273808, -0.7777014403255593, 0.05395690132584953, 0.0013112587966187463, 0.8921334889692483, -0.6385835225856538, -0.771003968370388, 23312000000, 
0.8685865273142576, -0.728131050321799, -0.7769216506311979, 0.05294351441355505, 0.008276443451107906, 0.8970533831259839, -0.6417403037019193, -0.7758620596769497, 23516000000, 
0.8749671423618717, -0.7343983185156897, -0.7761844733566547, 0.05190105155611524, -0.015431382974408344, 0.9049353549846941, -0.6546129034223792, -0.7768816780624597, 23686000000, 
0.8824844549176241, -0.7417997487546002, -0.778859654019232, 0.05126167977378745, -0.007559377953871054, 0.9204220753774593, -0.6649072158218299, -0.7766405372474235, 23890000000, 
0.889858136377462, -0.7490911410833685, -0.7804703578010379, 0.05012034539575522, -0.0015781834873554368, 0.9188132670630796, -0.6681374542437125, -0.7798590625901809, 24094000000, 
0.8970334707497217, -0.7562025769614804, -0.7817039228504302, 0.04866050656062526, -0.01248207752774263, 0.9207828481061218, -0.6767620371978359, -0.781019700799556, 24298000000, 
0.9040176717263304, -0.7631476526042491, -0.7831062829268948, 0.04805397424459582, 0.00195761040517962, 0.9334841372138956, -0.6784999587071706, -0.7826201139382608, 24502000000, 
0.9109335820483516, -0.7700338961090553, -0.7829491924227892, 0.04752729395767785, 0.010816735143780133, 0.9350342387950402, -0.6815326066889055, -0.7822215334318803, 24706000000, 
0.9177595709344011, -0.7768186027696797, -0.7823430214156707, 0.04671866598953779, -0.00945559171763233, 0.948544138061113, -0.6970553655878722, -0.7765778316937589, 24910000000, 
0.9244774254363574, -0.7835002705204985, -0.7830235742617881, 0.046195603689211454, -0.002313601289569624, 0.9496750405818813, -0.6994855652297829, -0.782655147873423, 25114000000, 
0.9300057140794611, -0.789005254535171, -0.7835825353382555, 0.04487174837113711, -0.005814363618642532, 0.9605392590207943, -0.6942925367223616, -0.7841019824837125, 25284000000, 
0.9364412250884893, -0.7954243100669834, -0.7845434201402938, 0.04413365705080298, 0.00270142702082932, 0.9640876733940942, -0.7163467811121204, -0.7828896359693878, 25488000000, 
0.9427914664675049, -0.801762588180496, -0.7853914525720548, 0.0438521002705852, -0.026072193452604645, 0.9717634452597735, -0.7205035482787344, -0.787758050349713, 25692000000, 
0.9490360259219429, -0.8080252297198265, -0.7872439275482381, 0.04255019711349163, 0.015165124039410153, 0.9765820860400346, -0.7258223151482617, -0.7879304275059462, 25896000000, 
0.9550938066175663, -0.8141008591408541, -0.7864379016019939, 0.04154479089751449, 0.004700136177688347, 0.9813758828781544, -0.7393477433793081, -0.7851741412580139, 26100000000, 
0.9610362256747123, -0.8200496142822604, -0.7853849300573772, 0.040854736922168164, 0.005571306404545653, 0.9868811301952899, -0.7387506961657376, -0.7875640417339154, 26304000000, 
0.9668720530458828, -0.8258782744558605, -0.7836275227760252, 0.03983285769814826, 0.01956004607029475, 0.9923649163263756, -0.7458226336315985, -0.7829102684790533, 26508000000, 
0.9716440513230379, -0.8306220703362327, -0.7812128441351818, 0.03928109978076127, 0.006949290322021607, 0.9977870886844517, -0.7501076563196472, -0.7752371742832344, 26678000000, 
0.9773134782311836, -0.8362353274196402, -0.7794940874348031, 0.03862561460436405, 0.007995376982915615, 1.0067281846406395, -0.7576076734444726, -0.7762996209128666, 26882000000, 
0.9828785207458539, -0.841728011996912, -0.7785400706025446, 0.037935536611649286, -0.004070511002658877, 1.0083634277537137, -0.7563755673703824, -0.7787484051785002, 27086000000, 
0.9883381999886038, -0.8471138245489359, -0.7786516159127188, 0.03705046811362446, -0.0019346280766459327, 1.0197288983968034, -0.7637750374455421, -0.7783876594743973, 27290000000, 
0.9936851210511227, -0.8523911590799774, -0.7791105103418547, 0.036686843839142905, -0.004511586110342945, 1.0258144808937328, -0.76913010385237, -0.7788825409831625, 27494000000, 
0.9989675620336583, -0.8576119013919836, -0.7802543055524894, 0.035855713094877256, -0.012694288857134653, 1.0170852841584257, -0.7769657972229346, -0.7817376406559209, 27698000000, 
1.0041061103874382, -0.862707705871669, -0.7822753070333837, 0.035022104786478964, -0.010963657496889496, 1.0301357983869293, -0.7975045856315979, -0.7858746394642441, 27902000000, 
1.0091458670737645, -0.867724735684097, -0.7825817754202641, 0.03476561435839788, 0.030022115396057338, 1.0394182328247878, -0.7822088135795665, -0.779626598279058, 28106000000, 
1.014111821895234, -0.8726460040787888, -0.7781264728781587, 0.033253364727745045, 0.041996272304625014, 1.0430415936073658, -0.7896858738689982, -0.7715929863742275, 28310000000, 
1.0181187292834248, -0.876573499439612, -0.7731384891967129, 0.03297669623732945, -0.019026806924532715, 1.0481904106246873, -0.8036892291798002, -0.7749779963797703, 28480000000, 
1.0229197464480928, -0.8812733345627806, -0.775918375550618, 0.03259717379856082, -0.006192901194443191, 1.0499969098228132, -0.7987747455898591, -0.7738340820820173, 28684000000, 
1.0275981121398665, -0.8858729887058842, -0.7770698822022089, 0.031511550339939035, 0.014154009208105962, 1.0605488473436202, -0.8111620247132633, -0.7759319395880411, 28888000000, 
1.0321560271273609, -0.8903514405931527, -0.7767167999680662, 0.03130653339204157, -0.011964218740112038, 1.0564018483708932, -0.8046477585209013, -0.7789503970623344, 29092000000, 
1.0366593250267124, -0.8947816193886493, -0.7774963171025839, 0.030333176653846362, 0.0013312751381439234, 1.0662813289460782, -0.8174497490578799, -0.7692957750894015, 29296000000, 
1.0410506810781261, -0.8991054114532484, -0.7778610168345618, 0.030349204596118014, -0.0032906950651657913, 1.071234026403839, -0.8288681323290479, -0.7702629966912673, 29500000000, 
1.044712947027497, -0.9027143630812812, -0.7783388668406588, 0.029542180862299934, -0.005373468649541918, 1.072811845089583, -0.82445143420888, -0.779605743443201, 29670000000, 
1.0489580419877278, -0.906904379598164, -0.7792043681711862, 0.028350091330947243, 0.010312103584068161, 1.0746456617243414, -0.833416041609891, -0.7775979491258784, 29874000000, 
1.0530620127489834, -0.9109501418635895, -0.7774578508015382, 0.028208905007055342, 0.0024383616796766617, 1.0798449650697102, -0.8326503913609421, -0.7779882983702334, 30078000000, 
1.0571407919924642, -0.9149607510286663, -0.7757500618811125, 0.027747689899030776, 0.02315566810612976, 1.0837207397522364, -0.8398461807037383, -0.772145774724649, 30282000000, 
1.0611596414029063, -0.9188907249857987, -0.7731351703124836, 0.027358536523735162, 0.0006337680147373249, 1.0896204810659111, -0.8351316334845205, -0.7726288926333632, 30486000000, 
1.0651233769684632, -0.9227534987148638, -0.7717099908161011, 0.02676170176249488, 0.00869761705272779, 1.0846067812474818, -0.8434945346686585, -0.7768827888289421, 30690000000, 
1.0690202768308088, -0.9265407660912164, -0.7715456780533935, 0.02657008701110184, -0.02254382159432357, 1.0954744352373214, -0.852436860694259, -0.7715708357114834, 30894000000, 
1.0728853454548106, -0.930307810049523, -0.7719935776210666, 0.02630282071956759, 0.031802279096619174, 1.0991105572296451, -0.8510820567887616, -0.7691436917019834, 31098000000, 
1.0766899436159252, -0.9340006219411727, -0.7691334850422863, 0.025388773612333146, 0.007227540460206475, 1.0992178427460726, -0.8543905480791375, -0.7718500848813331, 31302000000, 
1.0797672203023676, -0.9369741520109394, -0.7674977927248442, 0.024947149636784932, -0.0027882620597058346, 1.1028895701537578, -0.8637342063966157, -0.7608639992229834, 31472000000, 
1.0834182634417049, -0.940499304152831, -0.7679367024988549, 0.024724764361282535, 0.009721754502492644, 1.1141811915838604, -0.8576869166006559, -0.7643250264131839, 31676000000, 
1.0870137491086107, -0.9439657886788193, -0.7661053705951508, 0.02408913593746395, 0.01184315701737844, 1.1187200550451089, -0.8678420923033152, -0.7595407403862198, 31880000000, 
1.0905243262556386, -0.9473380203492969, -0.7662816129221965, 0.023693215123340702, -0.04135015942783412, 1.1139234433234293, -0.8686834356725855, -0.7662807631383521, 32084000000, 
1.0939497267996106, -0.9506496195758104, -0.7704984314083606, 0.02289012115270562, -0.01177789344781895, 1.1182759631028405, -0.8724200330455049, -0.7772843915001704, 32288000000, 
1.097275299999067, -0.9538874047475788, -0.7726126140571433, 0.02273201697827476, 0.011987482147926666, 1.1266855472310557, -0.8760378553400763, -0.7705267146216107, 32492000000, 
1.1005851985833675, -0.9571118652213263, -0.7715827520348758, 0.022442030197971113, 0.014630151890580412, 1.1257116971112582, -0.8778907488418404, -0.7664952224154887, 32696000000, 
1.103830274051105, -0.9602623515216653, -0.7704799671382513, 0.02180982104698132, -0.013817650705523477, 1.1285918198876508, -0.8800785896903414, -0.7721736968755287, 32900000000, 
1.1069935145616978, -0.9633353192506335, -0.7712940323825809, 0.021508000741826065, -0.000520566810753326, 1.1369159538496685, -0.884760532070841, -0.7684007159024148, 33104000000, 
1.1096065266365591, -0.9658766502691116, -0.7716571173098542, 0.02126259066744341, 0.0008515735936013762, 1.1367457703806492, -0.8795867867884689, -0.7674809585564205, 33274000000, 
1.1126935017219142, -0.9688791457243857, -0.771620733429194, 0.02058962096106577, -0.013237539720744988, 1.1388105439699205, -0.8955909423122845, -0.7756668432992282, 33478000000, 
1.1156953372796432, -0.9718070579655228, -0.774972857876146, 0.020628997180575807, -0.029862686931854936, 1.148309059574548, -0.8993928707859266, -0.7741868331490518, 33682000000, 
1.118658539100009, -0.9747210321766203, -0.7769739850898368, 0.019823235539397008, 0.03978798459124777, 1.1435701728558048, -0.8976598636027965, -0.7753607134963237, 33886000000, 
1.1214905316228296, -0.977496884327324, -0.7744252148309846, 0.018965594067141746, -0.004181552120366076, 1.1468954619025638, -0.9084986359472529, -0.7736383827061457, 34090000000, 
1.124241665609402, -0.9801854379397399, -0.7729582241527777, 0.018940778356586346, 0.01599991787426038, 1.1553112673775614, -0.8985392632992101, -0.7698388530647462, 34294000000, 
1.1269888888868176, -0.9828583950927597, -0.7690891301512893, 0.018405699750568348, 0.04418747768329359, 1.1559844231377272, -0.9002337305086814, -0.7662063346107046, 34498000000, 
1.1296784415517993, -0.985446935996068, -0.7661252350712455, 0.01835356565387176, -0.04953474749495712, 1.152885196932781, -0.8996434669095469, -0.7650542906213005, 34702000000, 
1.1319147335276396, -0.9876057024627528, -0.769755127621557, 0.018211413884384693, -0.016329471988104815, 1.1574568701477228, -0.9092831327029264, -0.7717876505227541, 34872000000, 
1.134577909292833, -0.990198453259818, -0.77436605599651, 0.018320202491491126, -0.01668831520036079, 1.1600762590978486, -0.908597903961629, -0.7773316201028707, 35076000000, 
1.1372181788046023, -0.9927885277042326, -0.7762860192339968, 0.01772422053691291, 0.01328726561854425, 1.160794086782199, -0.9144521252494273, -0.7781836080277443, 35280000000, 
1.1397712201181571, -0.9952940458166069, -0.7759219422744371, 0.017377006944781802, -0.0034622964866827077, 1.1663050087821354, -0.9132753988770556, -0.7755661034283721, 35484000000, 
1.1422818022020012, -0.9977570783800874, -0.7749185689880609, 0.017018849931484878, 0.023600748754091933, 1.1705427273593496, -0.9231265142323956, -0.7677511075016004, 35688000000, 
1.1447465037714488, -1.000164280036635, -0.773351281255167, 0.016768689729372906, -0.017899943623938794, 1.1717876508321234, -0.9254283462313141, -0.7757617204320936, 35892000000, 
1.1471491235871831, -1.0025119528105362, -0.7738020585648087, 0.015988614623236322, 0.010812239010078254, 1.1777956096058855, -0.9269075026363506, -0.769809416480354, 36096000000, 
1.1490751157261903, -1.0043925006582786, -0.7728281816907916, 0.015556672037095104, 0.015631193809665496, 1.1767286572004998, -0.9228148024493066, -0.7722317572413345, 36266000000, 
1.151338649979461, -1.006592857474534, -0.7698291891111414, 0.01522267418130019, -0.00831292708688293, 1.1768063389384138, -0.9336448402019241, -0.7710680042482513, 36470000000, 
1.1535640240455336, -1.0087530161313842, -0.7715579953702717, 0.015297875792996199, -0.01467727616726758, 1.1807305953211567, -0.9277123633057494, -0.771270775477552, 36674000000, 
1.155778531306899, -1.010911332756724, -0.7715948302477592, 0.014831175301215315, 0.042228377838149284, 1.1755388659664427, -0.9322301792722114, -0.7762169783921853, 36878000000, 
1.1579430444643994, -1.0130085841488712, -0.7691785541185059, 0.014821426172439957, -0.02711713536011812, 1.1833032585718062, -0.9378783605614808, -0.7727264225345889, 37082000000, 
1.1601098477082383, -1.0151087199154025, -0.768423982357823, 0.014762578890607222, 0.0458369368338658, 1.1842756822195328, -0.9352195287386857, -0.7690347661732279, 37286000000, 
1.1622567899912906, -1.0171741238452667, -0.7635825364563649, 0.014242677752461224, 0.015976038914582102, 1.1811999928887644, -0.9345490099345458, -0.7616990580705865, 37490000000, 
1.164338116867744, -1.0191592970997025, -0.7606051612739149, 0.0140910114594408, -0.005935464833454506, 1.192646028588527, -0.938425123362477, -0.7554841307427316, 37694000000, 
1.16642771648387, -1.02114673145245, -0.7598366526364656, 0.014260181588916024, 0.0063548128948597415, 1.1948418827426617, -0.9333060339909826, -0.7618308985758037, 37898000000, 
1.1681737867286566, -1.0228049504788719, -0.7596312399918753, 0.013717562549023486, -0.033876755731936235, 1.1910643904739378, -0.9405416133633546, -0.7659387588009818, 38068000000, 
1.170181502950634, -1.0247237099315551, -0.7662587016197131, 0.013607679038653123, -0.051486958724995105, 1.1965582628401261, -0.9461233426944801, -0.7732337717103278, 38272000000, 
1.1721629718610211, -1.0266495289689452, -0.7739959013891506, 0.013376048092875889, 0.018731930959629044, 1.1895132577316552, -0.9620054029312752, -0.7764858121500623, 38476000000, 
1.1740872136789062, -1.0285325517950443, -0.7748609671599459, 0.012844098993117992, 0.004857378179439643, 1.2013270154063662, -0.9503130067398533, -0.7761212988571788, 38680000000, 
1.1759157203787989, -1.0303200852373608, -0.7674110884187334, 0.01205082185230108, 0.15360452870430755, 1.2029864809180084, -0.9515498892885272, -0.7611539047111775, 38884000000, 
1.1777029431664114, -1.0320129048213305, -0.7534367828908612, 0.012174745594950324, -0.04539792916547576, 1.2030367082691475, -0.9508276248734046, -0.7514098905850134, 39088000000, 
1.1791960691570178, -1.0334114039916251, -0.7525893970306893, 0.011937589833310433, -0.0004092507592530526, 1.2029438546432965, -0.9555451619271468, -0.7511455012519513, 39258000000, 
1.1809702937125492, -1.0350769890438438, -0.7553476499740076, 0.011948975576853411, -0.024762721217807857, 1.2043711885612034, -0.9516393741773398, -0.759581314158675, 39462000000, 
1.182729112787429, -1.036740570888732, -0.7587572437863778, 0.011703704612305438, 0.009557804913186054, 1.2073112199990919, -0.9586381321888464, -0.7577800921841946, 39666000000, 
1.184461454236685, -1.0383843764424092, -0.7603847828590281, 0.011783086609269841, -0.02716965209650136, 1.2131913400090073, -0.9605478737851576, -0.7558431973700659, 39870000000, 
1.1861779001952184, -1.0400222194271675, -0.76287513728046, 0.011335089638784735, 0.007206059377128333, 1.2097048654285494, -0.9630518703249757, -0.763203505367738, 40074000000, 
1.1878171749673128, -1.041590266929564, -0.7645943071826132, 0.010852196421187173, -0.0305769803689865, 1.2173634173056807, -0.9614955941638287, -0.7643924033399925, 40278000000, 
1.1893956967579695, -1.0431094047701919, -0.7663577090617003, 0.010640179802726163, 0.03097586607204713, 1.2166968372985816, -0.9659383271240515, -0.7651847482774469, 40482000000, 
1.1906990215619166, -1.0443618067215263, -0.7648841545369685, 0.010513797368172342, -0.04148360990518872, 1.2104217464962077, -0.976903713616902, -0.7692867883424076, 40652000000, 
1.192227637739672, -1.0458382935471604, -0.7711767683738221, 0.010158119718274678, 0.006142634106435202, 1.2216769372599898, -0.9677054940018399, -0.7767962248828305, 40856000000, 
1.1936922673457957, -1.047260432876883, -0.7649928744421377, 0.009701430608223444, 0.13531493240537168, 1.2248007640025993, -0.9714740240628845, -0.7496619881942785, 41060000000, 
1.1951348061452514, -1.048623906089379, -0.7535285096122807, 0.00982159230982044, -0.058718779712423785, 1.2221626570905724, -0.9720153889031906, -0.7548309101016264, 41264000000, 
1.1965618811786463, -1.0499640372816625, -0.7561087423354215, 0.009429693899547568, -0.039812257820045625, 1.2201100222486445, -0.9762969963504428, -0.7567941855551841, 41468000000, 
1.1979443087377974, -1.0512750670640052, -0.760791703610266, 0.009301828046017997, 0.004391013244572477, 1.225743512663833, -0.9667251858490579, -0.7582613271135985, 41672000000, 
1.1993162848821395, -1.052583028606208, -0.759904002043769, 0.009175930412742424, 0.048908302207828616, 1.219815328638623, -0.9723626903472783, -0.7599708236107677, 41876000000, 
1.2006927584885676, -1.0538851979854371, -0.7595531112695291, 0.009557082730488158, -0.09482484388935614, 1.235614117110684, -0.9834155644685101, -0.7550793998385853, 42080000000, 
1.2245839804821708, -1.0786263962578018, -0.8436680313890055, 0.2223569127396321, -0.583507291375596, 1.2543236896594532, -1.0226506037905827, -0.8743443709590877, 42284000000, 
1.2515420748449784, -1.1118227504336573, -0.9306626346807094, 0.26036346875377964, -0.49558950437338234, 1.2873339117302904, -1.0543947911830345, -0.9774650013612257, 42454000000, 
1.2811930927334534, -1.1561378339756776, -1.0320546678282183, 0.2634784735729215, -0.5039315220496366, 1.3182042565506025, -1.1139841985462509, -1.0762415464767563, 42658000000, 
1.3065597652531176, -1.2039659911368874, -1.1340295720762061, 0.26746776837284414, -0.4989286881817, 1.3425464859718217, -1.1548148034707768, -1.1780314432531465, 42862000000, 
1.3272702450259855, -1.2549713843808625, -1.2360069650500067, 0.27281428271317776, -0.500652923828438, 1.3608177729101787, -1.2197621958619502, -1.278858285889447, 43066000000, 
1.342980288039917, -1.3088273159922539, -1.338032324488826, 0.27759425239044955, -0.5002166461571662, 1.3742290365931098, -1.2702372717010575, -1.3756430827184711, 43270000000, 
1.353303755516639, -1.3649234708832827, -1.4400508001635002, 0.2824852736206819, -0.5002460347716922, 1.3789389116557051, -1.3230733216226251, -1.4742511661548015, 43474000000, 
1.3579508802838502, -1.422741640936209, -1.541983208273764, 0.28686915442401595, -0.4993393201601494, 1.3865083283726116, -1.3829840602707395, -1.5755061121864458, 43678000000, 
1.3573066134648488, -1.4715536357381656, -1.6280816475624877, 0.28833560259350344, -0.5421301527621648, 1.3826487557986926, -1.4437864868082968, -1.6791928852834215, 43848000000, 
1.350775707244047, -1.530205076612975, -1.7354226349352297, 0.29212882865031914, -0.5475877023686848, 1.3754679919173072, -1.494470167039769, -1.7840839816797684, 44052000000, 
1.3377258319364203, -1.5888785492470647, -1.8408367781583548, 0.2980255293474787, -0.5018336549142072, 1.3607946967891464, -1.5574671804295854, -1.8836007957192806, 44256000000, 
1.3184202754113419, -1.6468839055750353, -1.9430372416291368, 0.30109404482556174, -0.49824768660456903, 1.3379485004446618, -1.602448373762504, -1.9858087079322855, 44460000000, 
1.2930613773457906, -1.7031987626440368, -2.0450123546487315, 0.30481607932308075, -0.49984908985541343, 1.3066746523484751, -1.6673457539046423, -2.085014087641372, 44664000000, 
1.261830629330368, -1.7571309304110623, -2.146962814294329, 0.30669515473941117, -0.5002631932870869, 1.273037847537073, -1.7112190314710856, -2.1886595974049174, 44868000000, 
1.2250394344123567, -1.8079181108440003, -2.2489937242394626, 0.30911173538115033, -0.5001373472636089, 1.2330906063058815, -1.7600962877013018, -2.288314388086088, 45072000000, 
1.1831993598130908, -1.8545653938478588, -2.356923703212401, 0.3089683183776335, -0.5401086694919529, 1.1921973345481813, -1.7988111746240827, -2.396981926993715, 45276000000, 
1.1194656546086703, -1.9098315149825502, -2.495734312363602, 0.31169073277805553, -0.4958330629934073, 1.141803485632616, -1.8528537096481057, -2.4965349274177853, 45548000000, 
1.0935964153002637, -1.9283245533306974, -2.546868390877404, 0.3116992452482234, -0.4995919885221763, 1.0936991495978379, -1.8772635880619322, -2.5999088703110624, 45650000000, 
1.0394784229391374, -1.9608198028596766, -2.655744705189542, 0.3111622582615391, -0.5414297497349954, 1.037111219637789, -1.9128849325550998, -2.710698314536224, 45854000000, 
0.9818300318985814, -1.9874037652944796, -2.7617430799344023, 0.3127030470764975, -0.4936935952530334, 0.9786881167201782, -1.937488196544812, -2.8076292623824592, 46058000000, 
0.9215506134318949, -2.007982124675139, -2.8643234700070095, 0.31086482534359733, -0.5223021074526802, 0.9201448292577235, -1.9525151348447618, -2.9102538403974805, 46262000000, 
0.8600474864118391, -2.021904095916117, -2.973955744523674, 0.31027282124773387, -0.5358826154432612, 0.8588738731737047, -1.9677902533717655, -3.0156004333566253, 46466000000, 
0.7971631873870412, -2.0292156342779526, -3.077360565711626, 0.3096350837366472, -0.49764458564498515, 0.7930811874800741, -1.9722261108791113, -3.115453040714801, 46670000000, 
0.7343643506592784, -2.030042352834196, 3.1007774580055845, 0.3072549559017311, -0.5427672556352108, 0.7370050020657604, -1.9678910980531001, 3.0631235766683087, 46874000000, 
0.6518165612992449, -2.0207610191214194, 2.960593293823207, 0.30487223318468404, -0.500181448421111, 0.6766782762943807, -1.9552074064453075, 2.9626709467272137, 47146000000, 
0.6214197858306383, -2.014407875568108, 2.9097326817244, 0.3024232310144145, -0.503261590789405, 0.6165762846942396, -1.9481728497960762, 2.860186413704101, 47248000000, 
0.5621830031108853, -1.9972094349047484, 2.807772866793707, 0.30144218282492397, -0.5000054303672231, 0.5586777427615307, -1.931563930568611, 2.760675493941132, 47452000000, 
0.5055879012954256, -1.9743166863598212, 2.7057794370626937, 0.296687714612149, -0.49972290672532627, 0.505877732873422, -1.8967327086180823, 2.6606546330205485, 47656000000, 
0.45245711290090984, -1.9462261592831491, 2.6037606341125925, 0.2916866276066522, -0.5012743188815916, 0.4511347418612153, -1.8751499407220722, 2.5565434038206165, 47860000000, 
0.40341739323022835, -1.913337956597641, 2.4988531006727737, 0.2882267026514247, -0.49867348643262077, 0.40433008579290197, -1.8284838399511287, 2.4536520362594616, 48064000000, 
0.3585346382919875, -1.8760696296756825, 2.400588153150658, 0.2834559658887569, -0.41444207697728497, 0.3631415045139052, -1.79286436941852, 2.36349341319732, 48268000000, 
0.31868594684779805, -1.83617409147773, 2.3115916604781486, 0.2784471234838497, -0.342110273006966, 0.3304231349856706, -1.7553353227475983, 2.2877966833067935, 48472000000, 
0.28216354872598115, -1.7932871304829534, 2.2431230454200235, 0.27324570028570533, -0.2654705315091167, 0.29478617210832053, -1.7245946630436404, 2.2245997421446817, 48676000000, 
0.2385279711952908, -1.7340002930508052, 2.1709765690452656, 0.26826153876139813, -0.24626286165627276, 0.2640722985138317, -1.664152719442419, 2.171136436255995, 48948000000, 
0.2234032678011206, -1.7113491149921523, 2.148371523008216, 0.26488924227575816, -0.18434594717685707, 0.23100101737393372, -1.6122254240684055, 2.133108533555617, 49050000000, 
0.19480830473048177, -1.6656809049904295, 2.111319483224519, 0.26371434959949486, -0.18883699457315625, 0.20307705285933908, -1.5795380516978468, 2.093709114770023, 49254000000, 
0.16839433476457427, -1.620079267203069, 2.0828556198204944, 0.2544473210439364, -0.08850323488406321, 0.18366375022338619, -1.5333149229189618, 2.073724303216361, 49458000000, 
0.1437179870713881, -1.5750332092991703, 2.0622093807999438, 0.24913399104464273, -0.06882830843480434, 0.16121765508514935, -1.4847045814033422, 2.0568164783262777, 49662000000, 
0.12025845581715966, -1.5303349468981324, 2.046755005083074, 0.24470557121960954, -0.05583203857762557, 0.13826398706615906, -1.4499089239131375, 2.045295042604697, 49866000000, 
0.09782998684039543, -1.4861385264666926, 2.034671413352197, 0.23988238640323223, -0.043363013759075225, 0.11307301495710598, -1.4137504594466248, 2.0312256357932243, 50070000000, 
0.07628915328848196, -1.4425365402559145, 2.0250277935022813, 0.2356336948439354, -0.038448347772802684, 0.09131462463380245, -1.3578838740829478, 2.024698229460834, 50274000000, 
0.04869055089568679, -1.3852284581689052, 2.014832592109483, 0.23154404219507047, -0.03477256800257664, 0.0718056953655636, -1.3225374673041803, 2.0140821893297995, 50546000000, 
0.03864111190631454, -1.3640106021405751, 2.011651251940466, 0.22735264048260437, -0.02609920073495744, 0.053883646156210836, -1.2841586562420648, 2.010791960120384, 50648000000, 
0.019042011432030187, -1.3221812455977207, 2.0064031914676805, 0.2256251466546626, -0.02669521382056499, 0.034475293647581444, -1.243068999988128, 2.009680563572884, 50852000000, 
-1.2697273512415005e-05, -1.281000142671344, 2.002506853769582, 0.2198399582275528, -0.013177305035049547, 0.011607500743745882, -1.1921114346263586, 2.001749063930203, 51056000000, 
-0.01853486726305546, -1.2406149686590953, 1.9993382594768663, 0.21528942097745885, -0.015112192035215044, -0.0027167427166814562, -1.152183720428013, 1.9994546618521984, 51260000000, 
-0.036563461005299815, -1.200986037923257, 1.996703408132022, 0.21050927341179074, -0.005465195862629661, -0.020900020147639944, -1.1274941708520887, 1.999550235322275, 51464000000, 
-0.054122976034497935, -1.1621817344991736, 1.9951367717454052, 0.20635812261967768, -0.003934814608991235, -0.03516756759632297, -1.0885696392045996, 1.996773069315482, 51668000000, 
-0.07132352620815136, -1.1240432309245367, 1.993866521547529, 0.20352866634990954, -0.009102492839729928, -0.05096384374308574, -1.035400152233354, 1.9950963264307537, 51872000000, 
-0.08821175041634409, -1.0864525003201233, 1.992514512717696, 0.19990481131707477, -0.002905182397461828, -0.07397892217086545, -1.0067310885655834, 1.9952751107403837, 52076000000, 
-0.11014612210689899, -1.037490494772917, 1.9918284589985247, 0.1945869891442903, -0.0012398068725611004, -0.08900596369799899, -0.9666477598970648, 1.9939740370925032, 52348000000, 
-0.11821636130694396, -1.0194665767482027, 1.9917502299433085, 0.19184349180217153, -0.004942394550602115, -0.09835473103246255, -0.9250314532825267, 1.988314485678256, 52450000000, 
-0.13413361940846127, -0.9838688991727841, 1.9908881395162317, 0.1907853751614906, -0.00351705197609459, -0.1184368186945372, -0.8841650824308738, 1.9906646600988886, 52654000000, 
-0.14971316004093874, -0.9489706522049381, 1.9909756653601856, 0.18470378160005066, 0.01051286137201349, -0.12665276662792818, -0.8494086166114881, 1.9939541423532816, 52858000000, 
-0.1649330401950591, -0.9149600663022815, 1.99205691551861, 0.18038914548869428, 0.0025440892018288655, -0.149316134857804, -0.8189867292401125, 1.9883179760200267, 53062000000, 
-0.17985533692368338, -0.8816941711703212, 1.9928825029028152, 0.17692826636027958, 0.003985369788144352, -0.16600054153081628, -0.7866558348633549, 1.9932666291976557, 53266000000, 
-0.19452802093146815, -0.849056722328704, 1.9937722635531796, 0.17363016539808215, 0.00584670765546051, -0.17316572094629376, -0.7565475047766984, 1.992377455470776, 53470000000, 
-0.21370691472127956, -0.8065131119937676, 1.9945502882138457, 0.16967382974215053, 0.001353165921577409, -0.1877425952938412, -0.7208706095666273, 1.9914352252014595, 53742000000, 
-0.22779914911166604, -0.7752848993847756, 1.9950102040529705, 0.1669784252782386, 0.0029218716401635896, -0.20127911509761898, -0.6933623895637128, 1.996398603495233, 53946000000, 
-0.2347965942139514, -0.7597993575321311, 1.9953933099927907, 0.1665535165296418, 0.0031773060959386697, -0.21687002927103335, -0.664219584263623, 1.991473041067055, 54048000000, 
-0.24861474679337547, -0.7292720703092389, 1.9963638177425729, 0.163596050402178, 0.005365095984793903, -0.22763048072948505, -0.6279209145940344, 1.9971915306982257, 54252000000, 
-0.2621505930043047, -0.6994281860966316, 1.9968648913082905, 0.15872695656595665, 0.004186199592506398, -0.24079142356833994, -0.606323225521101, 1.9995313533708048, 54456000000, 
-0.2753897394266974, -0.6702833638410445, 1.9974082902585883, 0.15507931709335712, 0.0003915139896601015, -0.24977483119232632, -0.574341693680365, 1.9941863153090462, 54660000000, 
-0.2947935388193409, -0.6275998444602253, 1.9972626405979024, 0.15208384001189762, -0.00268453166589618, -0.27146098114579015, -0.5466707924898918, 1.9996917050381315, 54966000000, 
-0.3053421621036308, -0.604392313804046, 1.9977794297584681, 0.14923751443545413, 0.0032865336097872484, -0.28566372995523914, -0.5195263682196433, 1.9955888438170875, 55136000000, 
-0.317892525355574, -0.5768441659152941, 1.9986478339938487, 0.1466715866767895, -0.005300365173249204, -0.2890328420993191, -0.49446052877696917, 1.9980545307468338, 55340000000, 
-0.3301825529131752, -0.5498580413508377, 1.9978852330671317, 0.14381777526054138, 0.0006501154652425649, -0.3098324322443448, -0.4620363825614632, 1.9958286545245438, 55544000000, 
-0.3422366551280095, -0.5233617036787591, 1.997691891509248, 0.14143562675714655, 0.0010032469997202293, -0.3256294846792219, -0.44600087226159063, 1.9947096414632841, 55748000000, 
-0.3481963664312944, -0.51026010217376, 1.9977157464809956, 0.14108894414945283, 0.00046706045116642767, -0.3287995026707689, -0.4188129787436687, 1.9945979555767543, 55850000000, 
-0.35989913507678656, -0.4845310638276009, 1.9975986089970688, 0.13786626109432532, -0.0010709937963916773, -0.3416043629390309, -0.3808280922475365, 1.99390941077768, 56054000000, 
-0.3713418998252659, -0.4593501750442287, 1.997192378322317, 0.13396169456317567, 0.0021311543081343493, -0.3506755700372759, -0.3756624600164158, 2.000022968507584, 56258000000, 
-0.3825220242944459, -0.43474139756158475, 1.9974434555219038, 0.13062909612957188, 0.00481313002653328, -0.3669083834919977, -0.3438160526657796, 1.9985868814397298, 56462000000, 
-0.39347582095062344, -0.41066140498154324, 1.997534224632082, 0.12888530313754878, -0.009443587201386702, -0.3705489816587259, -0.31429096235261783, 1.9958181749895687, 56666000000, 
-0.4078135738455274, -0.3790707345233999, 1.996142863511663, 0.12591642854817847, -0.00507422184188565, -0.38989065006154455, -0.3035756708559042, 1.9913029163835516, 56938000000, 
-0.41827551084201703, -0.35596362369111656, 1.996076385099645, 0.12336907882941806, 0.0006677391197312798, -0.39766603037154946, -0.27364405915605156, 1.9946924233462462, 57142000000, 
-0.42859710153319724, -0.3331889409204521, 1.9963252319542606, 0.12176158647916044, -0.00396107564168291, -0.4100487253935503, -0.24513903417698454, 1.998326758924035, 57346000000, 
-0.43876983333352354, -0.31073267111655883, 1.995990773781892, 0.11935083525296165, -0.0012582368214929618, -0.4153753616739683, -0.2277099487959988, 1.9945957986764546, 57550000000, 
-0.44377966690645815, -0.2996664345684037, 1.9958284568324713, 0.11903260658728541, -0.0012961301735474496, -0.4201959431972245, -0.2117734335905332, 1.998715999160098, 57652000000, 
-0.4536010813933112, -0.27794811169245637, 1.9950700310242204, 0.11626372636799454, -0.004792162058811079, -0.42760149441554857, -0.18017951228605905, 1.99161231994672, 57856000000, 
-0.46320789579625665, -0.2566712728364899, 1.9948015711563605, 0.11331212402175099, -0.0017239397670260276, -0.44284901917307523, -0.16415691206416055, 1.9929520133424168, 58060000000, 
-0.4726219607864612, -0.23581117294098014, 1.9951777619510733, 0.11071805329506458, 0.013239257149071487, -0.45838599549297365, -0.14500619315175994, 1.9948886059785402, 58264000000, 
-0.4848917686892117, -0.2087225872036692, 1.9966999088522341, 0.10825475052620245, 0.003764598626299161, -0.46220114162959436, -0.11652975516757799, 1.9994835647265516, 58536000000, 
-0.49390329693927987, -0.18885769299163338, 1.9964051146239672, 0.10615532874334518, -0.0020066828176462377, -0.4772126431900172, -0.10618559755464194, 2.0025177933999263, 58740000000, 
-0.5027588149737665, -0.16930395722695163, 1.9957964629279614, 0.10399521507217135, -0.0005436594961536566, -0.48066406721085037, -0.09246852360981288, 1.9938863742203665, 58944000000, 
-0.5114394521760991, -0.150111959924906, 1.9948432318167866, 0.10239643970906354, -0.015439366174100735, -0.48306090856980444, -0.07593068652413906, 1.9961814211734343, 59148000000, 
-0.5157219570700563, -0.14061217083670252, 1.99379706984064, 0.10215593783587397, -0.01265002133755807, -0.49404326003831533, -0.05427247830715817, 1.9928428910670448, 59250000000, 
-0.524178686416698, -0.12179905354339955, 1.992992875166485, 0.1008472885330136, -0.00013284267015251016, -0.5031021262271124, -0.03342894745187666, 1.9968497678391828, 59454000000, 
-0.5324708882825833, -0.10333656512332529, 1.992995785564356, 0.09793640032505657, 0.002449983551193643, -0.5172067263723978, -0.009991197913220456, 1.9957679506638735, 59658000000, 
-0.5432239345040579, -0.07940628026722099, 1.9930258383164485, 0.09532605362038149, -0.0008056270677490721, -0.5178243921415223, 0.004722976173437641, 1.989171980873296, 59930000000, 
-0.5510643766536432, -0.061943043184133885, 1.9924822593176277, 0.09285005800977529, -0.0027925829758144484, -0.5304036599115844, 0.015311645972778513, 1.9976786911581956, 60134000000, 
-0.5587687820117576, -0.04475682995323608, 1.9924920266742239, 0.09167623020184545, 0.011426026965280214, -0.5326158038269865, 0.03687733080305539, 1.9915685174232756, 60338000000, 
-0.5663845240823075, -0.027805168624043586, 1.9929326407789245, 0.09041334470765437, -0.012329965940587244, -0.5484058968261301, 0.06758434732491808, 1.9922158450283298, 60542000000, 
-0.573870503345847, -0.011115838156167204, 1.99249517478623, 0.0886125450449071, 0.009590373899580132, -0.5540728539951411, 0.0763982867337272, 1.9925141607775083, 60746000000, 
-0.5811888403877429, 0.005180858793714364, 1.9932040975339589, 0.08587981446201923, 0.0018371355883601392, -0.5578190880901288, 0.08667699297181157, 1.9926996633978158, 60950000000, 
-0.5847686786083504, 0.01314233157457789, 1.993502992888058, 0.08551330106289859, 0.0019222791424485053, -0.5689817030706351, 0.09192229475386081, 1.999958011356934, 61052000000, 
-0.5918386668620674, 0.028853371297015352, 1.9937744846431797, 0.08423515605551292, 0.0007733858590949254, -0.572073638888848, 0.11898270689683174, 1.995911972791853, 61256000000, 
-0.601107478033232, 0.049456924045417974, 1.992453991259243, 0.08241420609046977, -0.008907689587314704, -0.5809468190432316, 0.1345178945992153, 1.9886993204018506, 61528000000, 
-0.6078681722354389, 0.06456031009337014, 1.9913873424898985, 0.08022450970368646, -0.003207684985864352, -0.5804244393324778, 0.1498198981229202, 1.9936333521926608, 61732000000, 
-0.614499508197583, 0.07938716024357548, 1.991556612301375, 0.07881455917078892, 0.005319576697860608, -0.5966713992579824, 0.15921812695783624, 1.9943899495272195, 61936000000, 
-0.6210186538370072, 0.09394218956841259, 1.992405396692446, 0.07738907606431741, 0.007264905658556848, -0.6075911313457334, 0.17450032796120024, 1.9910654718749294, 62140000000, 
-0.627443281383662, 0.10824711467377722, 1.9928567097641694, 0.07616120864637224, -0.010789400203808922, -0.6113846657491506, 0.18987862728771063, 1.9948235969464514, 62344000000, 
-0.6337422944133513, 0.12229382773120705, 1.9917584672198332, 0.07452431214617458, -0.007009423135681234, -0.6101643756199884, 0.2028455166670278, 2.0004353786788642, 62548000000, 
-0.6368391212875075, 0.1292169849721186, 1.9910848492229294, 0.07432513192487447, -0.006333815423037566, -0.612783895296036, 0.22486094722474959, 1.992686724648105, 62650000000, 
-0.6449214556393882, 0.14734614357294473, 1.9892580562422157, 0.07189605536325495, -0.004589788587995166, -0.6255814929180213, 0.2316328050794839, 1.9897721095487495, 62922000000, 
-0.6507935121836363, 0.16054667858845123, 1.9900325830232954, 0.07003753320060255, 0.005457558561855337, -0.6264035570825525, 0.24218544113533833, 1.9897549628871443, 63126000000, 
-0.656574522549504, 0.17348861500998064, 1.9914056268764497, 0.06902510415186251, -0.0017699742140760417, -0.628465597130491, 0.2587051446236902, 1.990691830357769, 63330000000, 
-0.6622888088288352, 0.18625658759674926, 1.9920429387973053, 0.06806048416170692, 0.007578783514163152, -0.6314824663226215, 0.2778008777103016, 1.9908113214190712, 63534000000, 
-0.6679285217240999, 0.1988242622027229, 1.993474466771548, 0.0667853600841182, 0.012768307501841951, -0.6509546287804143, 0.2830592509623834, 1.996846212619644, 63738000000, 
-0.6734725611042451, 0.2111150078188467, 1.9959904227130034, 0.06518854990379712, 0.01922569652613447, -0.6507460837903779, 0.2998129815190397, 1.9929590603618315, 63942000000, 
-0.6789242381777169, 0.22310807414975486, 1.9977570974299201, 0.0638735070404132, -0.017719787844226478, -0.6590147892605914, 0.3104419093459663, 1.993955979741179, 64146000000, 
-0.6842679411370773, 0.23487012104619667, 1.9973220226891457, 0.06257784790115002, 0.010326206701074833, -0.6684812272118945, 0.32370199599995214, 2.0031685762431115, 64350000000, 
-0.6869019349131515, 0.24066406492617406, 1.9976964278195506, 0.06236335705733919, 0.007622454913512547, -0.6732385588929093, 0.324509730110593, 2.001970039070933, 64452000000, 
-0.6937972542821046, 0.2558146780467189, 1.997757556851631, 0.0600425797588766, -0.01249913538522675, -0.6713088639902647, 0.3341509297214594, 1.9992215956291985, 64724000000, 
-0.6988223987563572, 0.26690313774761126, 1.9947448248827553, 0.059343177210300954, -0.013422569974021014, -0.6740568788091911, 0.34806589826807893, 1.9936026174483137, 64928000000, 
-0.7037687302385188, 0.27790687388460045, 1.9921810474298465, 0.05880898286023691, -0.0018309536809628395, -0.6768389605949233, 0.3621452511721327, 1.9857058700810015, 65132000000, 
-0.7086321981216069, 0.2887737818412844, 1.9914737109535423, 0.05771344130477918, 0.006848236331538039, -0.6868474392362242, 0.37626508777763823, 1.9965422575774505, 65336000000, 
-0.7133978238433591, 0.2994160295311979, 1.9927430204544427, 0.0564501003524793, 0.01885059155196591, -0.6959991608311842, 0.38080169461250196, 1.9951919670211735, 65540000000, 
-0.7180757285507113, 0.3098014822963531, 1.994602791677258, 0.05498614070912988, -0.005987566114732018, -0.6934237477326132, 0.39699678125047405, 1.991965729054951, 65744000000, 
-0.7226525979228599, 0.3199452975262183, 1.9942566383656037, 0.054097283972604965, -0.011319235729538083, -0.70715944568437, 0.40270947754448694, 1.9968455768648634, 65948000000, 
-0.7264029525975352, 0.3282794075762962, 1.9932509653850803, 0.0529237243712962, 0.010776576842404604, -0.7035374869991201, 0.4157017419379404, 1.9925277550828975, 66118000000, 
-0.7308174136295553, 0.3380750696447972, 1.9947043982866495, 0.05198486313256989, -0.01549479709434836, -0.7070945298757939, 0.4252001594968727, 1.992939874890326, 66322000000, 
-0.7351419278185157, 0.34769143416553056, 1.9925460934499315, 0.05098797525561532, 0.0099996087725638, -0.7117279811362477, 0.4311972982419603, 1.986563990976506, 66526000000, 
-0.7393713020964923, 0.3570993293513774, 1.9938933528448315, 0.050069505294344785, 0.004489072968043942, -0.7096490543940066, 0.4401273210859619, 1.9900430882747808, 66730000000, 
-0.7435402317642495, 0.3663427111672608, 1.9953082230225674, 0.049272259745131206, 0.010279758034330535, -0.7225874519383424, 0.4487232284681092, 1.9953930412165954, 66934000000, 
-0.7476662008862338, 0.3754492105600157, 1.9974724185346395, 0.048639409648609515, 0.017279665378004332, -0.7259312427095578, 0.45064904064939926, 2.001574793032216, 67138000000, 
-0.7517498039182328, 0.3844010962570767, 1.9992480990616313, 0.047628538421983224, -0.010912633953524155, -0.7299074345510169, 0.46831517370336107, 1.9989846115074918, 67342000000, 
-0.7550962370518727, 0.3917315719501662, 1.998702612623532, 0.04711681634129856, -0.01077103902560875, -0.7332030355694914, 0.47917746382462856, 1.9996330395673072, 67512000000, 
-0.7590523690803989, 0.4004342387135835, 1.9963795729462426, 0.045912205178684704, -0.0017444595746402447, -0.7465413127898314, 0.4884592072098164, 1.9989413101121243, 67716000000, 
-0.7628692553298084, 0.40886044665036264, 1.9958789098929903, 0.04467534557810734, -0.0017571176184631645, -0.7471110377754131, 0.48341821758715486, 1.997259583031256, 67920000000, 
-0.7665862830307868, 0.41707788634099535, 1.9945811897351575, 0.04358344069452777, -0.02193736111606557, -0.7384783476617304, 0.49778845830903673, 1.9958307602916405, 68124000000, 
-0.7702142181773713, 0.42515277116130606, 1.991290081378875, 0.04345611392182014, -0.01997546073764802, -0.7564455192330334, 0.5080231213317344, 1.9938568474923613, 68328000000, 
-0.7738049407433686, 0.4332188893670972, 1.9891833290290062, 0.04289875642171152, 0.018469134838212494, -0.7490016690524881, 0.5171047423494891, 1.9919051952224558, 68532000000, 
-0.777322843237717, 0.44112165195355685, 1.988991408049696, 0.04168332960609283, -0.02319842747988617, -0.7592873822463474, 0.5207677438553441, 1.9929056295118215, 68736000000, 
-0.780730502043512, 0.44881183960201493, 1.9877886430535858, 0.040825401449234695, 0.016679273790709253, -0.7587663640009913, 0.5328531737465393, 1.987998550818228, 68940000000, 
-0.7835314897247467, 0.45512682063731624, 1.9886046632023813, 0.040222723223554385, -0.01318775515304201, -0.768597323611333, 0.5366062387159858, 1.9901313366728528, 69110000000, 
-0.7868360597955965, 0.4625902630745836, 1.9869854408876815, 0.039328557673179325, 0.010113469341640799, -0.7652177596943829, 0.5416631989250954, 1.9880631447006685, 69314000000, 
-0.7900555159626415, 0.46986102775476524, 1.987296931155554, 0.03862263001865925, -0.01956418025889311, -0.7693405527373546, 0.5518246031553355, 1.9917292436982437, 69518000000, 
-0.7932163479872424, 0.4770232222952564, 1.9860951568423704, 0.03815483151267375, 0.007243678227859385, -0.7718267507993709, 0.5584985206491752, 1.9964081834175678, 69722000000, 
-0.7963330245187767, 0.48409024718292415, 1.986135271095844, 0.0373992402225783, -0.0016653009582554364, -0.7706539552375021, 0.5661647498497587, 1.9887410075614569, 69926000000, 
-0.7993818438867707, 0.4910051381766957, 1.9858168119564377, 0.03666405785836553, -0.0053309053182269295, -0.780831263604872, 0.5731186476057027, 1.9866949978508592, 70130000000, 
-0.8023716248913288, 0.4977955864934116, 1.9860883096045634, 0.03598131685679936, 0.018657064002782744, -0.7870054742943465, 0.578272517888191, 1.9920039545258899, 70334000000, 
-0.8053150668990429, 0.5044532790580982, 1.9875211323105615, 0.03522735542017712, -0.005990159370738483, -0.7865720967241934, 0.590636579084754, 1.9875622287032564, 70538000000, 
-0.8077200579910867, 0.5098864441948073, 1.9873073910571766, 0.03450883891662482, -0.01289301223528053, -0.7864971389388449, 0.5894114190049534, 1.9939603913971142, 70708000000, 
-0.8105394853671528, 0.5162834775575638, 1.98484237329792, 0.03353048529423277, 0.006368630017999496, -0.7839972319217936, 0.6062863465461558, 1.9860568218068098, 70912000000, 
-0.8132848122811288, 0.5225236503291926, 1.9852055811671856, 0.03335955811968323, -0.00826661010415061, -0.7874075105749572, 0.6067062011956069, 1.9838081769420888, 71116000000, 
-0.8159967121668159, 0.5286910851171153, 1.9864337891284978, 0.0324177219963591, 0.03802578013187819, -0.7959067943819724, 0.6079488493644933, 1.9891036212833264, 71320000000, 
-0.8186582004457097, 0.5346843718712685, 1.9909396093348966, 0.03194338037966278, 0.01753294621945317, -0.8035053905889598, 0.6231854032145966, 1.9954854496555123, 71524000000, 
-0.8213151376400809, 0.5406022182675067, 1.9936146989524877, 0.03164592671329411, -0.01221331099492056, -0.7966728664959968, 0.6267202484103653, 1.9928128081386225, 71728000000, 
-0.8239243347146102, 0.5464039145474119, 1.9928778528078719, 0.030472748162976713, -0.012437951584956109, -0.8010284423755151, 0.632650176121945, 1.99209825463106, 71932000000, 
-0.8264384972814838, 0.5520143054818355, 1.9924589597970523, 0.02991726507811506, 0.022648249410300587, -0.8067441014643758, 0.6316967325747014, 2.001505909610054, 72136000000, 
-0.8285166891208986, 0.55663613895622, 1.9944048019363483, 0.029445880498999787, 0.006239380289262306, -0.8088207174048497, 0.6401218401852719, 1.9951541843386496, 72306000000, 
-0.8309823727866896, 0.5620924238349808, 1.9958605106098763, 0.029199933403237465, -0.01553088501797021, -0.8022503908488278, 0.6500734154202261, 1.9978350505939, 72510000000, 
-0.8334215243234209, 0.5675029155900161, 1.9931072793514586, 0.02862434634834045, 7.694141541788585e-05, -0.8110514354964138, 0.6511041354952243, 1.9993002330065104, 72714000000, 
-0.8357905127467192, 0.5727762731745648, 1.9941416063669721, 0.02794523221101531, 0.031487592111421506, -0.816852165293286, 0.6620508485821438, 1.9961032669088432, 72918000000, 
-0.8381253794613989, 0.5779328979124085, 1.9968453774881136, 0.027547520285224045, -0.010520054015066031, -0.8156368881523558, 0.6675313238852447, 1.9990178370480274, 73122000000, 
-0.8404166250866815, 0.5829803928063979, 1.9969723654573208, 0.026595591907600833, 6.649548887009497e-05, -0.8288666140209051, 0.6677401642691405, 1.9985935765199319, 73326000000, 
-0.8426352084712377, 0.5878670394054273, 1.9974292905921316, 0.025961050715902628, 0.011163839103389632, -0.821177661970846, 0.6742193871292161, 1.99729768213236, 73530000000, 
-0.8448160001312669, 0.5926588500731882, 1.996543219510647, 0.025617104488625267, -0.04390297927593199, -0.8206990597743284, 0.6797977002550345, 1.99358173651061, 73734000000, 
-0.8465947225534214, 0.5966028097571847, 1.992548726444044, 0.025174405207433543, 0.010574697181635551, -0.8251728765456442, 0.68446016427536, 1.9941907196585327, 73904000000, 
-0.8486930577346525, 0.601272393357799, 1.9935590045887301, 0.024779964613445896, 0.011515542668167485, -0.8225197173842086, 0.6862984300020442, 1.994805862442149, 74108000000, 
-0.8507636078753897, 0.6058568571756275, 1.9963821387159288, 0.02427517999611093, 0.004944070929329652, -0.8259089078190855, 0.6953573423122641, 1.9971465534487791, 74312000000, 
-0.8528015162690801, 0.6103448640216854, 1.9983174814417153, 0.02406233711810003, 0.02162283384978427, -0.8243665192627024, 0.6953883995292082, 2.001452620577855, 74516000000, 
-0.854825424842861, 0.6147685986057293, 2.001636561650465, 0.023457066765654472, 0.017256597591126136, -0.8253400643086183, 0.6975039380227454, 2.0023458341130556, 74720000000, 
-0.856817300483429, 0.6190831619315112, 2.0051950219390644, 0.02322394835407389, 0.018317989240673564, -0.8311751234141066, 0.7032619293060659, 2.0092775618544327, 74924000000, 
-0.8588144347053447, 0.6233684175254754, 2.008821152642861, 0.02308989473308978, 0.017158870599753125, -0.8361849386634932, 0.7104214263737256, 2.0101868544438224, 75128000000, 
-0.8608020270280748, 0.6275949277113475, 2.01136907198022, 0.022590362314587883, -0.004591302814960805, -0.8358958561409026, 0.7149666972755718, 2.0107352936808374, 75332000000, 
-0.8627397507538032, 0.6317026900490865, 2.0115585956560857, 0.02182767782342182, -0.0062299640927782835, -0.848845083133891, 0.7228289439547052, 2.0148707100115884, 75536000000, 
-0.864309295992457, 0.6350328474796361, 2.011082149677475, 0.021321541899676468, 0.005215350349986899, -0.847459087774589, 0.7175031543056705, 2.012507219061172, 75706000000, 
-0.8661500508732953, 0.6389363315217724, 2.011314226916272, 0.02054692199379862, -0.03665859759781394, -0.845064147841053, 0.7270747824730575, 2.0102215871217544, 75910000000, 
