acc_x, acc_y, angular_z, stamp, 
-0.07217908794765324, 0.01068808128099648, -5.6718176982335764e-05, 5312000000, 
-0.057483165985667176, 0.00714213554734552, -0.0003979330943557676, 5317000000, 
-0.0745213617680563, 0.005076963067923308, -2.8342809604177787e-05, 5322000000, 
-0.005851545930618769, -0.0019389912741641499, -6.048366101372502e-06, 5327000000, 
-0.04349739999889547, -0.0008137950296643391, -8.976003256701746e-05, 5332000000, 
-0.04621833834196167, -0.011328540736741648, -0.0003947187630781101, 5337000000, 
-0.06796395079603663, 0.031992511711074416, -1.1854416904011776e-05, 5342000000, 
-0.06390044703044694, -0.006973557424145886, 4.992344106611976e-05, 5347000000, 
-0.05064918311239319, -0.0032105595549477787, -4.9194640837912884e-05, 5352000000, 
-0.06450651147920809, -0.011157241197249586, -3.030292849986934e-05, 5357000000, 
-0.05286774110223939, -0.008712601018216777, 9.186743557046048e-05, 5362000000, 
-0.04804273862849217, 0.012734475236017354, -0.00019979897888849552, 5367000000, 
-0.051571973331555464, -0.021935875111820942, -0.00014042518515453527, 5372000000, 
-0.009523787244808443, -0.019682801872001613, 5.151017889466814e-05, 5377000000, 
-0.055007628051084285, -0.01176546455208518, -0.0002993067549076314, 5382000000, 
-0.04506723092398582, 0.01808656751660142, -6.547420092279747e-05, 5387000000, 
-0.07509871618095969, -0.021859354494747876, 0.0003242429037297165, 5392000000, 
-0.06883479211346882, 0.029126416986188786, 4.005070773711242e-05, 5397000000, 
-0.07713508368682398, 0.0023918191795835805, -4.999181345302091e-05, 5402000000, 
-0.07246644893091944, 0.0243341888544291, 4.1153357193271296e-05, 5407000000, 
-0.06384793682824219, -0.0125077086495669, -0.0002110136145816031, 5412000000, 
-0.09591062147900589, 0.015500755856839769, 3.3882911697677936e-05, 5418000000, 
-0.03733234415408296, -0.013346736473163938, 0.00016721331277248121, 5423000000, 
-0.05507412964438539, -0.006735866817597868, 0.00042891127298306896, 5428000000, 
-0.05790274004324351, 0.008837416462796621, -0.00011635373711067611, 5433000000, 
6.922902740405278, -0.016862999671344397, 0.0002360222277649984, 5438000000, 
-0.2589140124966061, 0.0026289854992073264, 4.7734229296566876e-05, 5443000000, 
-0.07056553725831383, 0.011304325202190255, -5.908303245129491e-05, 5448000000, 
-0.06249526784865369, 0.00910931765145208, 0.00032663964486338284, 5453000000, 
-0.06844152217859753, 0.036096826381402734, 0.0001402032940436435, 5458000000, 
-0.08017713792914644, -0.025672201561094107, -7.641386940203087e-05, 5463000000, 
-0.03943076158883434, 0.0069290009338270064, 9.551404070950759e-05, 5468000000, 
6.91241854959905, 0.012732737434891448, 0.0002792698690566477, 5473000000, 
-0.1497077214208645, 0.0052712145210679524, -0.00017171514473280773, 5478000000, 
-0.06387035750039197, 0.0007675488231527782, 1.7566856088146168e-05, 5483000000, 
0.00790108871770969, 0.0003683215445818849, -0.00014488197938526768, 5488000000, 
-0.11024950539655974, -0.006036285422451793, 0.00010346609365815378, 5493000000, 
-0.0694177035548308, 0.012841111224217794, -0.0002144441500899827, 5498000000, 
-0.03992993783819215, 0.0017559546807870254, -2.3834783663438875e-06, 5503000000, 
4.268909812555604, 0.007822791207197194, 5.451010753973631e-05, 5508000000, 
-0.14163831314263234, -0.03340118285382086, 6.33263183981147e-05, 5513000000, 
-0.0840438204160841, -0.009420486604913559, 9.645451840593345e-05, 5518000000, 
-0.06489602118187052, 0.01303516464401415, -9.487300977388476e-05, 5523000000, 
-0.022823822041524215, 0.0004897893997853019, 0.0002629759730541549, 5528000000, 
-0.05667932771499806, -0.013936338919265264, 0.00012680223684481714, 5533000000, 
6.771667259243041, 0.05101281458769325, 0.00020641094635705907, 5538000000, 
0.06255222943704579, 0.007755399800900405, 6.54057593214681e-05, 5543000000, 
-0.08609034511585507, 0.0005513371654218197, 0.0005353503134387824, 5548000000, 
-0.07199585463542556, -0.012371126863239216, 0.00021712258479421968, 5553000000, 
-0.05224900771901818, 0.02334701625153375, -3.647138789261128e-05, 5558000000, 
-0.05907344480131864, -0.012287875788817914, -0.0003008452672715062, 5563000000, 
-0.022919163863828175, -0.016718381319082456, 9.669592720768052e-05, 5568000000, 
6.921543365254163, 0.012293872137777623, -0.00013144361088563035, 5573000000, 
-0.15828302696477994, 0.004434879001728745, -4.221738356990453e-06, 5578000000, 
-0.10377579450319506, 0.01968935786046668, 0.00031356344716976985, 5583000000, 
-0.07380686207527251, 0.018067105997271894, 7.243157848557762e-05, 5588000000, 
-0.04886702206849207, -0.006836744625605768, 0.00018319294690867418, 5593000000, 
-0.05837617777431373, 0.0021296424728693367, 0.0003788618099825229, 5598000000, 
-0.029539588759332054, 0.00605223637304421, -9.64169884036253e-05, 5603000000, 
6.939912886847803, 0.005501948181126519, 0.0001761852401903826, 5608000000, 
-0.15458136040413958, 0.023380099208049128, 3.309683790009816e-05, 5613000000, 
-0.11508686143293109, -0.018084558839544723, -9.114595495963602e-05, 5618000000, 
-0.06203871230547701, 0.01029460236808435, -5.6847308510319335e-05, 5623000000, 
-0.023889509851701622, 0.02179583864703567, -6.853538848557251e-06, 5628000000, 
-0.04106796258556625, 0.03557801066675099, 6.809456529774243e-05, 5633000000, 
-0.04937821629260413, 0.009142965785122777, -0.00031023222912394634, 5638000000, 
6.906298582678192, 0.003644085531207303, -4.798910519648784e-05, 5643000000, 
-0.1343771723801591, 0.00439602395102589, 9.38908564825742e-05, 5648000000, 
-0.08734541455820208, -0.04047514134279767, 9.916865065933733e-06, 5653000000, 
-0.07380259783638222, -0.021654218041277738, -0.00018802819121179634, 5658000000, 
-0.05091676186686586, 0.014477945641976419, -6.305174178106663e-05, 5663000000, 
-0.06394942796274089, -0.03411273701244345, 5.0990161823722795e-05, 5668000000, 
5.616442228464894, -0.018665938891073666, -0.0002146916197799295, 5673000000, 
1.2132829792722024, -0.006909794124574944, 0.0001681835551675014, 5678000000, 
-0.09773400636585572, 0.00862513536812869, 0.0001447648653343614, 5683000000, 
-0.04644874671401939, -0.016501617254652236, -0.00014355835416937122, 5688000000, 
-0.04687406539674448, -0.01602531869799686, 0.0002614406079019999, 5693000000, 
-0.05218935874090907, -0.00864839195905816, -0.0003193999886363037, 5698000000, 
-0.0337838132720175, 0.025474657988732007, 0.00010962334104569662, 5703000000, 
5.574975763262154, 0.007543578056757925, 0.00016959616360892672, 5708000000, 
0.057926791260344834, 0.010833536307673712, 1.6119806805987114e-05, 5713000000, 
-0.11787961326362195, 0.0066151350687389246, 0.0003538544847891218, 5718000000, 
-0.05750528076166486, -0.007659730899215555, 2.428649740150062e-05, 5723000000, 
-0.037575054237225056, -0.03031308123332596, 0.0001617419477245988, 5728000000, 
-0.0246019995720142, 0.02188653540738522, 5.579852153377289e-05, 5733000000, 
-0.0063113517208336425, 0.0069732149005785875, -0.00012761874688527557, 5738000000, 
-0.013022523904901027, -0.004767214703794722, -0.0004607328660084263, 5743000000, 
-0.040588684601890614, 0.022599199565623982, 0.00026312474580013833, 5748000000, 
-0.037498421953705355, -0.002209625884220581, 0.00015219389431348575, 5753000000, 
-0.03915772624604644, 0.012981834698828972, -0.00011845859794010464, 5758000000, 
-0.018610057291894962, -0.01496079826715644, 8.319419677793415e-05, 5763000000, 
-0.021199463234987958, -0.010277582443019434, -2.0601425425187257e-05, 5768000000, 
-0.03057112044575435, -0.02393403989496944, -0.00016105041906208593, 5773000000, 
0.007223930747731398, -0.03448384454171937, 0.00021168720851657158, 5778000000, 
-0.04053245523177025, -0.014959638916371453, -0.00028482048084028764, 5783000000, 
-0.05167996439083726, 0.012925151612333248, -0.0001855552551907491, 5788000000, 
-0.021499685162054853, 0.02128091343195563, 0.00033583092642509063, 5793000000, 
-0.056264210127729246, 0.018728266636738305, 9.7421110677886e-05, 5798000000, 
0.005108800937031397, 0.012966293533780291, -0.0001972499744478323, 5803000000, 
-0.006510348762840328, 0.023452537163550283, -3.9120145177200886e-05, 5808000000, 
-0.025050368773318364, -0.00022783713241173852, -7.805288164967807e-05, 5813000000, 
-0.030000153568608908, -0.013414766702494309, 0.0001595856415304287, 5818000000, 
-0.056644571330131045, -0.002146897448391037, 0.0003857185216931899, 5823000000, 
-0.012127409430662083, -0.010674955811699376, 0.0001966213667226632, 5828000000, 
-0.02225296888930128, 0.007642764631386412, 3.521084127719268e-05, 5833000000, 
-0.014749634831858, -0.006684848473966935, 1.403108499100699e-05, 5838000000, 
-0.01271984887890957, -0.0023919286211294914, 0.0005364626506599903, 5843000000, 
-0.031105960653624216, -0.01477992913891687, 1.2144801658551405e-05, 5848000000, 
-0.01298119106726264, -0.005291000417227436, -9.607095338384322e-05, 5853000000, 
-0.047461868222773776, -0.029532423859005393, -0.0003254490437481266, 5858000000, 
-0.03900115657500878, -0.006734726530226636, -0.00011079924067004136, 5863000000, 
-0.001942001016489319, -0.01668230245068756, 0.000365926222678477, 5868000000, 
-0.03153384602653133, 0.02962240775970969, 0.00014107900430740397, 5873000000, 
-0.044992070723851973, -0.021151829648520408, -7.38517389212727e-05, 5878000000, 
-0.05661208580332963, 0.0014275524861793326, 0.00010733757515701164, 5885000000, 
-0.018223903445874066, 0.015252238016159868, 2.1463607220207344e-05, 5890000000, 
-0.004784871273168231, 0.010929065848201625, -2.3006641381322837e-06, 5895000000, 
0.0068607065728149945, 0.0027117366310773876, 0.00016373142776021873, 5900000000, 
-0.028251336936622677, 0.03553056541123748, 2.6741510228362406e-05, 5905000000, 
-0.04608810214047464, 0.0069559981571532935, 0.0004171102339936477, 5910000000, 
0.01690353810393473, 0.011880257516827725, -0.00011124376661015791, 5915000000, 
0.00704063762574208, -0.010970208947336548, 5.454635359293702e-05, 5920000000, 
-0.003502733784022275, -0.023780763158950592, 9.360535407125338e-05, 5925000000, 
-0.004548983899150908, 0.04075774994292094, 0.00010537697783606691, 5930000000, 
-0.01857303647287112, -0.0008567401272261251, -1.841858454436966e-05, 5935000000, 
-0.03110913823623237, 0.003842273748063927, 7.259537181597893e-05, 5940000000, 
0.004843892537456101, -0.016255064128130912, 3.392993684273849e-05, 5945000000, 
-0.0562344750531973, -0.023747973719658744, -0.0003298234472290815, 5950000000, 
-0.0564253874545969, 0.009894068753953347, 4.649047247401637e-05, 5955000000, 
-0.004395645013156166, -0.026364199138754513, 0.00014767470767193509, 5960000000, 
-0.021743225554659358, 0.02053152445639118, 0.0002780221641799541, 5965000000, 
0.009645802191743616, 0.0029985857251069795, 0.00022376275167794901, 5970000000, 
-0.006765060395522975, 0.013483108775802256, -0.00010209578436876714, 5975000000, 
-0.02431975299829147, -0.026246902624779564, 7.597859601818257e-05, 5980000000, 
0.0006581572834180524, 0.011976456378000851, -7.488426920780405e-05, 5985000000, 
0.009236414631265824, -0.0003151342618670931, 0.0002736870995298082, 5990000000, 
0.001622110836330631, -0.0071034848611874835, 0.00019084098438383444, 5995000000, 
-0.03105729451330664, -0.00785575901648853, -9.16811762060099e-05, 6000000000, 
-0.03312154253505225, -0.01115453011118897, 3.3238195709045726e-05, 6005000000, 
-0.003989487463808464, 0.021228436493338675, 0.0001119646545824832, 6010000000, 
-0.011419399973073278, 0.004078027523029684, 7.306089955883661e-05, 6015000000, 
-0.007143331574053564, 0.023572263229266022, 0.0003401141852843335, 6020000000, 
0.001059664642006625, -3.094598247400384e-05, 0.00013070848885412742, 6026000000, 
-0.0005615433990558711, 0.008638748297177288, 0.00010231760870002749, 6031000000, 
0.015938409279120432, -0.010449989580641219, 0.00015424997436893378, 6036000000, 
-0.004837856135633974, 0.004289671347054088, -0.00010726110133935856, 6041000000, 
0.010166280791443527, 0.006760262776368092, -0.0001032539708866128, 6046000000, 
0.0022170915663691183, -0.017459577076088167, 9.092039420154892e-05, 6051000000, 
0.009493893614118414, 0.00895012615408718, -0.0001943822104811795, 6056000000, 
0.01119416303077625, -0.00989393467634632, 0.00039304045897868393, 6061000000, 
-0.014057898760493931, 0.02211665960411085, 0.0001394211317982836, 6066000000, 
-0.021360491705256317, 0.027399162687265933, -8.235223150814153e-05, 6071000000, 
-0.0031014302745344556, -0.025270994080449083, 0.00039726533334078753, 6076000000, 
0.00770493087482815, 0.01874846977733703, 0.00010066974043169852, 6081000000, 
-0.000625870974010216, 0.006498247802230638, -0.000325009366385659, 6086000000, 
0.004860508731237239, 0.013690336746334873, -3.8674353122622475e-05, 6091000000, 
0.013234442369209252, 0.0007230692934715417, -7.25819852670553e-05, 6096000000, 
-0.006324862932741362, -0.014670458360628951, 0.00020041762468907127, 6101000000, 
0.005246754728026879, -0.017859479795953814, 0.0001067759871537098, 6106000000, 
-0.012728869049765086, 0.00199053754151114, 4.840375019669623e-05, 6111000000, 
-0.016347183705453405, -0.021604773489595157, -0.00022956721342249272, 6116000000, 
-0.014135393145776505, -0.03171440557476415, 0.00039573150240830406, 6121000000, 
-0.014382061780580456, -0.020166714998785692, -0.0002473024411141312, 6129000000, 
0.011064230768786413, 0.02434248445453565, -0.00038176241857026917, 6135000000, 
-0.0025516318376009907, 0.02005302216429266, -0.00024078040923356035, 6140000000, 
-0.012093445749166223, 0.004725094271783754, -7.08014373368377e-05, 6145000000, 
-0.020104503263035565, -0.0021161467059980965, -0.00022710092445613032, 6150000000, 
-0.027723180908930892, 0.012137846785024482, 0.0001151390987871468, 6155000000, 
-0.011520378743744702, 0.003592106733716366, 2.7370591661205917e-05, 6160000000, 
-0.025240715631218016, 0.006802141305691138, 0.0004247626253083525, 6165000000, 
-0.023407789897665433, -0.0006360540621564726, -0.0001445823705622121, 6170000000, 
-0.04123317997116721, 0.012489758533384675, 0.00017921561863638787, 6175000000, 
-0.0026167473773297716, 0.009054049033843634, 7.550633043831501e-05, 6180000000, 
-0.022958957782838636, 0.00871633123048315, -0.00036761849394528013, 6185000000, 
-0.013882574510546426, 0.00908165441104648, -0.0003094615131680468, 6190000000, 
-0.0069308880389996, 0.009431946156580506, -0.00043200867965291316, 6195000000, 
-0.032154850334235915, -0.020865767371727247, 0.00012360087706777645, 6201000000, 
0.00189687889782053, 0.007553164297348542, 0.00027592147321496904, 6206000000, 
-0.037760424435993825, -0.008078613807839275, -0.0001303455373472832, 6211000000, 
-0.004702354208311126, 0.014998730022135483, -3.883650528912847e-05, 6216000000, 
-0.02563831826540389, -0.027832983393142444, -2.7214797648884535e-05, 6221000000, 
-0.02377976039495903, 0.002741541389156326, -0.00033211728262440765, 6226000000, 
-0.0038865414832649128, 0.023649732583121932, 0.00012651831467602495, 6231000000, 
-0.04715709463761293, 0.012120193619170445, 0.00024315429665206715, 6236000000, 
-0.010140055316894596, 0.002172501845547375, -0.00015089829061702023, 6241000000, 
-0.030503424790029172, 0.018157050288183638, 0.0001788585557836066, 6246000000, 
0.016858123751130657, -0.016874915016590195, -0.00029007744998943007, 6251000000, 
-0.03068042953471712, 0.010883874882337654, 6.0100176525763906e-05, 6256000000, 
-0.008797173417494865, 0.013556331460235008, -2.477270346696617e-05, 6261000000, 
-0.011711305671069122, -0.007425462749785887, 6.069396438363273e-05, 6266000000, 
0.014713116773901129, -0.01061138403283367, -0.0002972512400932655, 6271000000, 
0.0032457446329554503, 0.004950877475218237, 0.00023979943943343895, 6276000000, 
-5.690386284781107e-05, -0.0008367853435836681, 0.00013333430026250836, 6281000000, 
0.032846355585124797, -0.0019111394256740473, 0.0002990132209146066, 6286000000, 
-0.00010331520082200799, -0.006926359901061264, 0.00011417296067625218, 6291000000, 
-0.014797643674147848, 0.0166492391407136, 0.0004107649747464546, 6296000000, 
0.00868874544950317, 0.015956380380392834, 0.0001491127881902134, 6301000000, 
-0.0204250326845155, 0.043417256055607895, 7.195715559523664e-05, 6306000000, 
-0.007698803905029759, -0.013817775882865908, -0.0002436978747020145, 6311000000, 
-0.014616708471760137, 0.020048418378403824, 3.186238188654341e-05, 6316000000, 
-0.02501146871260248, 0.022955132485952257, 7.602053196634895e-05, 6321000000, 
0.010022462389642276, -0.002131517681904175, -5.241579553576419e-05, 6326000000, 
-0.008527490371997792, 0.006154878597513866, -0.00012429816877694905, 6331000000, 
-0.005668357083275967, -0.011126891468397525, 0.00013736003505693096, 6336000000, 
0.007632028184644719, -0.007385149718486861, -6.83434548718086e-05, 6341000000, 
-0.00024483209176620266, -0.021091220315590728, 0.00013443582419633685, 6346000000, 
-0.04081493696881309, -0.00588451858638436, 2.6670907502069406e-05, 6351000000, 
-0.01642030169116386, 0.002039181721530069, -2.621900591167115e-05, 6356000000, 
-0.007892079286459061, -0.01066646707065956, 0.00012747364528222784, 6361000000, 
-0.05766835504501805, -0.009081901115086647, 0.00015169209865539666, 6366000000, 
-0.0034369040706356737, 0.008219118482379287, -0.0001315942478968069, 6371000000, 
-0.008967232106783785, 0.0012850105608851585, 6.411788066696327e-06, 6376000000, 
-0.014947687306685038, 0.0048282931396703725, -0.00023280747036311423, 6381000000, 
-0.061664975115894846, -0.014122012655348109, 6.175112986049734e-05, 6386000000, 
-0.05159462910488616, 0.007946983141819373, -0.00018254529222979903, 6391000000, 
-0.0025416277252858013, -0.002582111503275641, 0.00010342489688897803, 6396000000, 
-0.012904951713977934, 0.02823993664614559, 1.55217600932989e-05, 6401000000, 
0.040799197350118735, 0.00521816387562649, -0.00010582974586101868, 6406000000, 
-0.015494230786981427, 0.02441886637934342, -6.616859227092331e-05, 6411000000, 
0.004032572973079605, 0.019062228194164074, 7.563126874199851e-05, 6416000000, 
-0.015465257252952965, 0.01271391122011583, -0.00019285087956490761, 6421000000, 
-0.0015451934290653876, 0.004409999001887396, -0.00045192359381081407, 6426000000, 
0.006588277512952694, 0.014203685617190693, -0.00033588159293061726, 6431000000, 
-0.03045220318820119, -0.02958987185618105, -0.00011834524112812534, 6437000000, 
-0.02561006166715737, -0.0014969937208939785, 0.00023003466140641946, 6442000000, 
-0.02634343930472903, 0.0018252334632018322, -0.00010478894377761617, 6447000000, 
-0.02895981996605196, 0.0052453452211400926, -2.511559681295154e-06, 6452000000, 
0.001553306819897536, -0.00356744957790523, 9.124576213674435e-05, 6457000000, 
-0.010914954211456294, 0.019609053377816765, 0.00023859468183435708, 6462000000, 
-0.02701224663522868, 0.012522678834051457, -0.00017553757208423667, 6467000000, 
-0.02249508193925557, 0.014326557400049615, -0.00031741694071425394, 6472000000, 
-0.02786455369155284, -0.00022871611654589816, -7.639227067171378e-05, 6477000000, 
-0.04252517218772864, -0.013250182793500398, 0.000125965656633094, 6482000000, 
-0.018411318383984684, -0.016381776207999615, -0.00031275249653183715, 6487000000, 
0.003185058604513784, 0.0020117393883617276, 6.422497084785061e-05, 6492000000, 
-0.001571975857541371, -0.012878132571974968, 5.728206910314113e-05, 6497000000, 
-0.06563019246217179, -0.010598747561658888, 8.199684231415462e-05, 6502000000, 
-0.0655350976360925, 0.008621078880398298, 0.00030583350345576014, 6507000000, 
-0.021392243331303393, 0.0037285500335677577, -0.0005587357599547219, 6512000000, 
-0.01312074127019357, -0.0067723264060583965, 0.00023116075841209357, 6517000000, 
-0.038878557108022335, -0.04773087234955642, 0.00011544098329568696, 6522000000, 
-0.03818185931047689, 0.024105347487188573, -0.00016229335860530725, 6527000000, 
-0.040503985417952304, 0.01288339723628529, -0.00016210739955960086, 6532000000, 
-0.06740902773382995, -0.0046270758657854195, -6.702641323048422e-05, 6537000000, 
-0.048821445324806104, -0.002961332729846125, 0.00022291648133050253, 6542000000, 
-0.052558605468562704, 0.02015315135154111, 0.00031153861619211766, 6547000000, 
-0.04713039122223956, 0.025806401406433335, 0.00016890425224560553, 6552000000, 
-0.03537063807085544, 0.003394922871273359, -3.2093739428111594e-05, 6557000000, 
-0.03707725805194537, 0.01219705563972052, 8.612780637861142e-05, 6562000000, 
-0.04086181096437642, 0.010431840609435469, -0.00029759189235225127, 6567000000, 
-0.021166658901693322, -0.01842348210548747, 1.885240958681345e-05, 6572000000, 
-0.005118763042141088, 0.028189172404594783, 0.00015824381030585667, 6579000000, 
-0.05512398646229154, -0.015292045021932802, 0.000404207164796958, 6584000000, 
-0.04782661809199261, -0.00740625928247726, -8.685974365596493e-06, 6589000000, 
-0.04285957200707166, 0.0029672240580509673, 1.1874899630304993e-05, 6594000000, 
-0.05114435981583794, 0.008930993669167582, -0.00020143129376810543, 6599000000, 
-0.052146400799055435, 0.018964679342629336, 0.0002038069242056621, 6604000000, 
0.001890852122237642, -0.024815187824699447, -4.435919402047998e-05, 6609000000, 
-0.0263594932263151, -0.022485059987630816, 0.00012929440248912063, 6615000000, 
-0.08488977082428725, -0.009113483317459158, -1.5941051112736878e-05, 6620000000, 
-0.026435458124809238, -0.005321343879779956, -0.00015057932876095877, 6625000000, 
-0.04135297300130506, 0.027020316106954594, -2.0569155659649313e-05, 6630000000, 
-0.048053401869871296, 0.00310204194473368, -0.00038407400449168186, 6635000000, 
-0.021662151886503257, -0.01246993944256141, 8.284618346234826e-05, 6640000000, 
-0.04788682500013731, -0.008174126474388567, 5.5765005730095854e-05, 6645000000, 
-0.020900825778329794, -0.012292893593578083, -0.00033963530861778115, 6650000000, 
-0.06810875435624687, 0.010410318907803282, -0.00016730813964340775, 6655000000, 
-0.033015941803708315, -0.028671887159273334, 0.00012300449719670562, 6660000000, 
-0.03168225954847348, -0.0071152172160063795, -0.00012244385720448924, 6665000000, 
-0.0633960312021215, 0.008563232529830666, 4.8070212544749594e-05, 6670000000, 
-0.04018364048177862, 0.020015997029568692, -0.0002551898633500025, 6675000000, 
-0.042911932295134195, -0.010882963628743574, 0.00012553116019333474, 6680000000, 
0.021764121988827736, -0.012551985619475134, 5.6715467957161934e-05, 6685000000, 
-0.12367618926813906, 0.004318110537267894, -2.0926013204299148e-05, 6690000000, 
-0.006032304568187187, 0.0033736404474013926, 0.0001836264919754057, 6695000000, 
-0.05664289298794322, 0.0016805241920221665, -2.5969773692417277e-05, 6700000000, 
-0.11983229817263517, 0.008644649561712427, -0.00023630280633548363, 6706000000, 
0.013141836889359933, 0.00968811536132031, 2.6290475858943935e-05, 6711000000, 
-0.08412182092809015, 0.006558492560431827, -5.007730052909663e-05, 6716000000, 
-0.08085019010865677, -0.035736975677416696, 0.0004886287908908987, 6721000000, 
-0.06530146309162241, -0.010431234888332095, -0.00020606942086967081, 6726000000, 
-0.07770585442193112, 0.024374535104847654, 7.641593839223091e-05, 6731000000, 
-0.048362432004176684, 0.02624276894937586, 0.00017737807878179604, 6736000000, 
-0.05502047085016294, -0.02560224865502082, -4.289502661555366e-05, 6741000000, 
-0.047648711131397, 0.0016943833195285694, 0.0002810178549315978, 6746000000, 
-0.044812047136892144, 0.006615457441898497, 0.0003539069650742988, 6751000000, 
-0.05828119832060594, 0.00689848368220268, -0.0003607885033284179, 6756000000, 
-0.06875733496621336, -0.0005159660455410094, 0.00034767924432011274, 6761000000, 
-0.06440377126010016, 0.001401539311107184, 0.0004218884669593871, 6767000000, 
-0.061011205129487885, 0.022831069053835695, 0.0001241253777189323, 6772000000, 
-0.06148243201258455, -0.003170152444875471, 0.00012816547021434995, 6777000000, 
-0.07711401854730437, 0.016636018137170284, 6.808268469458996e-05, 6782000000, 
-0.03868882246070034, -0.020905192503590245, 9.218571748075119e-05, 6787000000, 
-0.06951619907730212, 0.027052589216704916, 0.00010460526416648935, 6793000000, 
-0.04553806020844159, -0.0016502645219752324, -8.394232318673663e-05, 6798000000, 
-0.05502678177099104, -0.005219997651585038, -0.00023452596128953628, 6803000000, 
-0.044814724315646565, -0.010709348340972478, 0.00029761201761020593, 6808000000, 
-0.04968843529852702, -0.011186789646944036, -0.00016194185053996496, 6813000000, 
-0.07195181129617344, -0.015359946752316013, 0.00015533691627350098, 6818000000, 
-0.06490508803837547, -0.0018605633183478836, 4.844101269712752e-05, 6823000000, 
-0.06794013438487263, 0.01274847828033411, -6.629217005341492e-05, 6828000000, 
-0.07161969118227354, 0.008015732661097712, 0.0004903853207992994, 6833000000, 
-0.08056510251624185, 0.026904071383903133, 0.00013708540073759744, 6838000000, 
-0.06503774656804497, 0.014022527010020614, -0.00022545932244459027, 6843000000, 
-0.055581551688451344, 0.0007725050904349344, -0.00034789010561229994, 6848000000, 
-0.04156880259914874, -0.005080027949040793, 0.00023411634552776353, 6853000000, 
-0.06746335099519285, 0.016996347679873246, -1.767033934727655e-05, 6858000000, 
-0.08367993426731923, 0.0028270534366209837, -0.00015892412119678819, 6863000000, 
-0.08342131186865907, -0.02466323176228819, -0.00012155565628477286, 6868000000, 
-0.07891692571723866, -0.010505312309773624, 0.0002240845332285403, 6873000000, 
-0.05745518379206537, 0.004524005896393153, 0.00010218124921985714, 6881000000, 
-0.06256166648091496, -0.006477041722046294, -0.00020397638358056746, 6886000000, 
-0.07225228835470535, 0.016376816670269037, 4.6491432137873654e-05, 6891000000, 
-0.049754115011230574, -0.010985659511320774, 0.00018261705237546623, 6896000000, 
-0.10621715856667874, 0.007614053305154174, 7.689679138839904e-05, 6901000000, 
-0.08318264521367555, -0.026600373895774455, -4.184821164229759e-05, 6906000000, 
-0.04538383744834626, 0.0019925991814549924, 0.0005240441526693436, 6911000000, 
-0.07322929236721726, 0.005773475182980698, 0.0001432636756116026, 6916000000, 
-0.07811732063000335, 0.0073146576146422585, -4.34257010723752e-05, 6921000000, 
-0.08300128158824716, -0.00826327945190787, -0.00018744989034268861, 6926000000, 
-0.06283648463748293, 0.006529212315910736, -0.00018776129397383843, 6931000000, 
-0.06054084394193716, -0.0025017309765422275, 0.00024859878966012363, 6936000000, 
-0.06694582009979404, 0.03150929766614804, 1.828517149590122e-05, 6941000000, 
-0.08582850972205214, -0.021706889900014386, 0.00012476854905809826, 6946000000, 
-0.0366044752277476, -0.013683979157854336, -0.0001358601853267904, 6951000000, 
-0.07477092569716942, -0.001466613356791297, -0.0004614286149376913, 6956000000, 
-0.07264110747677005, -0.00899038467275503, -0.0002715998370496633, 6961000000, 
-0.08465401284989284, 0.013949873616358343, 0.00043728584335643036, 6966000000, 
-0.06664662420169505, 0.017740273772558948, 8.359513996281036e-05, 6971000000, 
-0.06325513781706019, -0.0063342811004266945, -0.00011780808425958817, 6976000000, 
-0.06700401295358646, -0.01264876502511289, -0.00019748120608507376, 6981000000, 
-0.043113146341211196, -0.010421869249227767, 0.00013434807808534454, 6986000000, 
-0.08986535097866238, -0.012557861173895185, 0.0001536138081457576, 6991000000, 
-0.00526144069227473, -0.010420595812338314, -0.00034895474926260666, 6996000000, 
-0.05765801234340659, -0.02854999107896539, -0.00020504634341143206, 7001000000, 
-0.043115041331852885, 0.022683195708846995, -7.572159035392701e-05, 7006000000, 
-0.04596458250719322, -0.001712035915880369, 5.322210174593813e-05, 7011000000, 
-0.17075378226974425, 0.015575954667709457, 0.00014605416132587378, 7016000000, 
0.029386577759136376, -0.012089476837605275, 0.00012614467180519306, 7021000000, 
-0.13589276278587506, 0.012814680202658912, 0.00021487511777136523, 7026000000, 
0.022482001870266895, 0.009902456504053813, 8.264386997506387e-05, 7031000000, 
-0.09975598317018858, 0.006151201696045852, 5.247327210187726e-05, 7036000000, 
-0.07102219477762339, -0.0002856667429401007, 0.00021210301687809, 7041000000, 
0.035236038707302755, 0.020616335807084683, 8.499352585531396e-05, 7046000000, 
-0.1453959851631271, -0.01724780346928022, -9.621901913437695e-05, 7051000000, 
-0.0443073111391457, 0.012758661567785707, 3.734003920624054e-05, 7056000000, 
-0.08011364581507724, 0.007872004019859383, 5.418452739316719e-05, 7061000000, 
-0.05579390661307029, 0.001381672331220403, -0.0002947822867284461, 7066000000, 
-0.04002284128826034, 0.008771862063908425, 0.00033748650316473266, 7071000000, 
-0.06552918904564167, 0.0012923497856009586, -2.994491012337272e-05, 7076000000, 
-0.05271139133372045, -0.00809741508536679, -7.72471940670354e-06, 7081000000, 
-0.039762771153084686, -0.009586734276492818, 0.00018226330060541838, 7086000000, 
-0.02638172127301574, 0.01874379942184698, -8.18954209666113e-05, 7091000000, 
-0.03740123926465994, 0.012373063188744341, 0.00015873369449708813, 7096000000, 
-0.059261086030319834, 0.00753142935681916, 0.0001374669091868815, 7101000000, 
-0.055547387570375036, -0.016327862051410912, 0.00046745023862963337, 7106000000, 
-0.06230348464856294, -0.010317317922592448, -1.033167444860797e-07, 7111000000, 
-0.041254744123256096, 0.0032798890486440083, 0.0002225291221616069, 7116000000, 
-0.053276062679276426, -0.00432927111241589, 0.00012382467638525263, 7122000000, 
-0.04459301723982973, 0.01282548811331623, 4.436815122184587e-05, 7127000000, 
-0.062097643682191325, -0.00044392131769110574, 0.0001994812545136934, 7132000000, 
-0.05311321276395524, -0.009136686934216392, -0.00016788529051607248, 7137000000, 
-0.03582385864070471, -0.00047442220232824363, 0.000343943315580021, 7142000000, 
-0.04602925591289743, 0.012989733790033748, 0.00037793025068017953, 7147000000, 
-0.0418939799574466, -0.0062463297402458855, 0.00011292185991050226, 7152000000, 
-0.08157912785350041, -0.022994066660339457, -0.00016447560083473047, 7157000000, 
-0.03744295053475151, 0.006228125565062764, -7.598176587215595e-05, 7162000000, 
-0.026756751267611276, -0.0028916977136365955, 0.0003142501191040046, 7167000000, 
-0.06583257560100436, 0.00769239680046788, 9.271998447679549e-05, 7172000000, 
-0.04210693107578325, -0.008532679573406641, 0.0001441555096802494, 7177000000, 
-0.052768965085327524, -0.0430401243237285, 0.00014139331449986305, 7182000000, 
-0.04012702759095882, -0.019043886754042855, -1.7263460371573846e-06, 7187000000, 
-0.019915284606423913, -0.006332892897022404, 0.0001175774500142457, 7192000000, 
-0.02599258217138678, -0.01625889678948029, 0.00015006261160264566, 7197000000, 
-0.04717837995016889, 0.003008426072069822, 0.0003787551695156438, 7202000000, 
-0.04571134621265213, 0.0023364957684391414, -0.00028694306212682805, 7207000000, 
-0.05767180727005963, -0.006013042369192469, 0.0003881233357848934, 7212000000, 
-0.02699257271534493, -0.009270552025524226, 0.0002831018045181208, 7217000000, 
0.006586117195776564, 0.002266315258991541, -0.00010458232656225446, 7222000000, 
-0.01714210821595794, -0.017758721056508747, -6.990821465302463e-05, 7227000000, 
-0.025499377484615407, 0.030059919708217187, -7.361771060265805e-05, 7232000000, 
-0.021134243064946035, 0.0028779858357384598, -0.0001298220871417787, 7237000000, 
-0.01601984427626956, -0.031928854689156495, -0.00015796455640221892, 7242000000, 
-0.042455848863820485, 0.02066338754503995, -0.0002558954032240374, 7247000000, 
-0.05043640571108638, 0.017068027337197048, 1.4802553625514225e-05, 7252000000, 
-0.028552553327143494, 0.03075648882755711, 0.00021776455541179485, 7257000000, 
-0.054655452263375266, 0.007992931758018493, 7.460576803405593e-05, 7262000000, 
-0.05074506490482604, -0.0021006430482062924, -0.00019636312622407122, 7267000000, 
-0.04632437016235469, 0.0037058415973951235, 0.0001634454207467651, 7272000000, 
-0.012853531863959183, 0.0025268063440452796, -5.715366674412431e-05, 7277000000, 
-0.04112975115259965, 0.0010663117764556094, -0.00012047184988510231, 7282000000, 
-0.02388734575500677, 0.015189783816825312, 0.000181559835220207, 7287000000, 
-0.0337219827945178, 0.03802763075711729, 7.323295336896718e-05, 7292000000, 
-0.05119056362972586, 0.020797810663427545, -0.0002011449828619651, 7297000000, 
-0.04382195487198361, 0.014007280288655707, 0.0003542952989981945, 7304000000, 
-0.05942143230913423, -0.015119005111881875, -0.00023949435765127625, 7309000000, 
-0.06341610016502557, -0.013170323042779408, 0.00013878666939778434, 7314000000, 
-0.03422053886648414, -0.008947952536689743, -0.00030910124526040535, 7319000000, 
-0.01275391742422503, 0.010307401124994023, 6.5383266924114e-05, 7324000000, 
-0.03141777546681072, -1.2874638844269327e-05, -1.8882814675569236e-05, 7329000000, 
-0.04106071205517964, 0.000723121010950307, 0.00010077652225862438, 7334000000, 
-0.0421287282682843, -0.02107172677272059, -1.733313600362357e-05, 7339000000, 
-0.03451547797053922, 0.01382380815438331, 0.0002917024874775728, 7344000000, 
-0.023395461904910417, -0.008792288687840856, -0.00013900818386521058, 7349000000, 
-0.02474358439228585, 0.030226331572623492, 8.038712288673314e-05, 7354000000, 
-0.04762094234526611, 0.02179905367085464, 5.371583943687885e-05, 7359000000, 
-0.0343131520502136, 0.003914550791504087, 0.00037058844681216234, 7364000000, 
-0.016968297795414373, 0.013856522888630426, 1.3037970192718462e-05, 7369000000, 
-0.0331424638377992, 0.017166395285524997, 0.0005808174787879356, 7375000000, 
-0.037673725586369465, -0.004865278248707805, -2.291848522975873e-05, 7380000000, 
-0.0430691576887202, 0.026981954777372176, -0.0001661568033415705, 7385000000, 
-0.07462738793406336, 0.002665759760751397, -0.00015766083023288397, 7390000000, 
-0.008824969350221475, -0.006827826720433437, -0.0005298369631495603, 7395000000, 
-0.0593977887236378, 0.008749255293543225, -0.00028140084293921724, 7400000000, 
-0.0045949222400846965, 0.008635563626877242, 6.510947546509639e-05, 7405000000, 
-0.010200134813620199, 0.009866771654411664, 0.0002043502366459984, 7410000000, 
-0.025955847833120913, -0.004529618040522583, 8.8857966062569e-05, 7415000000, 
-0.031109350630118562, 0.008572714042629988, 0.0005851027895792504, 7421000000, 
-0.029624423541488927, -0.017770137746214276, -9.982260847652801e-05, 7426000000, 
-0.05254614006714983, -0.019602877730177017, -3.702489855027259e-05, 7431000000, 
-0.031095420027550884, 0.039735243821610325, -6.97434083395566e-05, 7436000000, 
-0.043284832671030476, -0.04335733508638833, -0.00012894301870868715, 7441000000, 
-0.06013201352869181, -0.01674672072959117, 0.0002716058902423967, 7446000000, 
-0.014552987509659382, -0.022871197061677312, 7.770941284648313e-05, 7451000000, 
-0.021913283545049782, -0.00011224865193407933, -0.00013225073124758973, 7456000000, 
-0.03874225287928007, 0.004445056273528791, -0.00017101228135075995, 7461000000, 
-0.0021447570109855464, 0.005782804205754032, 0.000341880400345626, 7466000000, 
-0.04027795406634008, 0.010733290575053239, 1.2515976432882996e-06, 7471000000, 
-0.053507442238240555, -0.02170305383199001, -0.00017346133706386691, 7476000000, 
-0.019204931279112887, 0.004449936247968001, -9.085406275796968e-06, 7481000000, 
-0.02121092420150818, 0.00984522399281018, 0.0002023420393746337, 7486000000, 
-0.04622266990537813, -0.01071642421106455, 9.39942713421451e-05, 7491000000, 
-0.013215130519232506, -0.01922362227428179, -7.537719556824693e-05, 7496000000, 
-0.02238631174886442, -0.025765169311001198, -0.00015818491748404887, 7501000000, 
-0.05936199844920857, -0.005511406720698013, -0.0002821424221048181, 7506000000, 
-0.023168135099020458, -0.004013034135678601, 0.00032702219974777697, 7511000000, 
-0.03989009293375354, 0.011043392164953404, 0.00010705066217682576, 7516000000, 
-0.018666127888518923, -0.013544726410687706, -0.0003498073122695968, 7521000000, 
-0.04969683579075197, -0.01658439764076532, -7.170746227453923e-05, 7526000000, 
-0.03711804317484263, -0.013099884996627455, 0.0002483191611066566, 7531000000, 
0.003414795825250061, 0.00244353120617285, -0.00013566843132947157, 7536000000, 
-0.051940593286241524, 0.010751995494329957, 0.00019616907632287364, 7541000000, 
-0.006623926446943623, -0.0005955257879277777, 0.00011725484962562548, 7546000000, 
-0.032213544314263355, -0.010104325616353904, -0.00016460777994076848, 7551000000, 
0.007462572050477054, 0.04325202063523023, 8.460682762809504e-05, 7556000000, 
-0.05320903579799502, -0.005450154356237847, 0.00010397391482899701, 7561000000, 
-0.047056343208755506, -0.023767224648030296, -0.0001618415851937833, 7566000000, 
-0.008630748431635398, 0.00884480423672301, 0.00017059178928380915, 7571000000, 
-0.02720047542294664, -0.0025763785538752667, -5.002865496976494e-06, 7576000000, 
-0.02542062704152741, 0.002552070397419336, 0.0002554336493713762, 7581000000, 
-0.016773034422847985, 0.039749634056286134, -4.878173916676331e-05, 7586000000, 
-0.02548442022343694, -0.0007558729040131108, 0.0002452824692438724, 7591000000, 
-0.01475700969731053, 0.019183562177521415, 0.0003052449403968703, 7596000000, 
-0.033576051309414955, 0.007004240678189626, -2.0886534595749734e-05, 7601000000, 
-0.00922670877188959, -0.005854066523357119, 0.00019910717123273192, 7606000000, 
-0.05296501975922027, 0.0017634433320763052, 4.509524169367029e-05, 7611000000, 
-0.051464588989245864, 0.006699324707907941, -0.0003149207574222057, 7616000000, 
-0.037446448364226455, 0.005191776755220638, 5.816515279457147e-08, 7621000000, 
-0.023879623420458372, -0.010108281081777956, 0.00027788503797589626, 7626000000, 
0.017146804565012157, -0.011789686917132317, 9.424059617543715e-05, 7631000000, 
-0.026280627967504355, -0.0053733052936778235, -4.567675128814929e-05, 7636000000, 
-0.0459988570061589, -0.02960911004843591, -0.0001351690259844546, 7641000000, 
-0.017472479021853858, 0.003437608590996669, 8.026638714699108e-05, 7646000000, 
-0.027126420530671144, 0.004023573951608129, -0.00010301780827675703, 7651000000, 
-0.03563037221411734, 0.01427801006807229, -0.00014144870637761915, 7656000000, 
-0.020886868748402523, 0.007444980097824256, -0.00012814229910556094, 7661000000, 
-0.036492517803773536, -0.015334156687961101, 0.00029818305699899487, 7666000000, 
-0.02053870510859783, -0.016858390739281193, -0.00027270430941244084, 7671000000, 
-0.0184628055761027, -0.022831455760705766, -4.2804989439318135e-05, 7676000000, 
-0.046470305088954715, -0.007010577344795724, 5.238633583839146e-05, 7681000000, 
-0.04847119497265616, 0.010554469920794101, -0.0001126993921771696, 7687000000, 
0.013930634323694145, 0.000804720330978281, -4.905174889403247e-05, 7692000000, 
-0.04115557711071321, -0.015713751333718405, -9.705727433986341e-05, 7697000000, 
-0.04765091952067098, 0.001715541185347794, 4.801846394523862e-05, 7702000000, 
-0.035971068550019615, -0.045803347378442945, 0.00019611709050049408, 7707000000, 
-0.059920642571185324, 0.004594606067091202, -0.0002282292068772595, 7712000000, 
-0.07073272973572284, -0.023406080468974272, -0.00024570865542627806, 7717000000, 
-0.057243510343778024, 0.005831917211138053, -0.000176396901599288, 7722000000, 
-0.02309434790318856, 0.028480717054184774, -0.0003963341430318069, 7727000000, 
-0.0500827256903491, -0.0030915182274816985, -0.0001832277313932024, 7732000000, 
-0.039089504122147886, -0.014423263654664006, 6.128484281922101e-06, 7737000000, 
-0.02820455633347814, 0.016880488619952602, 0.00018350719196105877, 7742000000, 
-0.004691647141257395, 0.006117579355161975, 6.505581097824936e-05, 7747000000, 
-0.036476860544747615, -0.0037667410175871684, -0.00013038803920347293, 7752000000, 
-0.03242078277765641, 0.012577328109966656, -4.672462296473625e-05, 7757000000, 
-0.06549799387250677, 0.018874106131242584, -0.00014411971114817608, 7762000000, 
-0.03682201997187299, 0.014660480282516488, 0.00023889056576562574, 7767000000, 
-0.03716041762991522, -0.008620914548561934, 0.00011476207019617724, 7772000000, 
-0.029427256276869346, 0.00017895035617950233, -2.6036944368236778e-05, 7777000000, 
-0.04317626731830403, -0.01785849753819291, -0.00045341408212765664, 7782000000, 
-0.048518315182320686, 0.012035433070796462, -2.097155397764989e-05, 7787000000, 
-0.0565434505546599, 0.023651383217838568, 0.00021721902028288962, 7792000000, 
-0.06944476959529136, 0.032268998910567226, -0.00014270564427136073, 7797000000, 
-0.044519893952121456, 0.0008475837659240608, 0.0001842977795113369, 7802000000, 
-0.03315862777176942, -0.01345496465181513, 7.631224063019063e-06, 7807000000, 
-0.061564575070489895, 0.019214473317647685, -0.00013020051715251034, 7812000000, 
-0.058683880377302856, -0.006918361712954852, 0.00020908822024352956, 7817000000, 
-0.021974104194194922, 0.015154054573450834, 5.201365949444611e-05, 7822000000, 
-0.027338213926148817, -0.02319382785596307, -0.00020466882958228096, 7827000000, 
-0.0695446576915394, 0.009351352211762014, -1.4232083535098649e-05, 7832000000, 
-0.021923647901418104, 0.004324683690520767, -1.724512669186421e-05, 7837000000, 
-0.05347369793360723, 0.010565622347563402, 2.1824002624532044e-05, 7842000000, 
-0.04742489452599132, -0.007299709858009695, -9.597365186203482e-05, 7847000000, 
-0.041423194272638846, -0.0006580562862063077, -0.0002321257009737315, 7852000000, 
-0.03210173498270021, 0.008374656228805665, -9.166581850756905e-05, 7857000000, 
-0.05841388069461211, -0.006093172854133553, -0.00028225242601884816, 7862000000, 
-0.03979183723856518, 0.013641196649697871, -8.579984747581259e-05, 7869000000, 
-0.010785474613640988, 0.036570047686836436, 5.834264175616197e-05, 7874000000, 
-0.13456556024457295, -0.002483465701851743, 2.453852316667803e-05, 7879000000, 
-0.04091869036138531, 0.017708390547745822, -1.9704114896401424e-05, 7884000000, 
-0.0462412444260923, 0.011487720651769426, -8.960590704059783e-05, 7889000000, 
-0.06617563075306637, 0.018455807763965534, -2.331828413411798e-05, 7894000000, 
0.05633314416638388, -0.016465341436470094, 2.2514371709201472e-05, 7899000000, 
-0.1952577107461848, -0.01031483133919411, -0.0001254497035331805, 7904000000, 
0.06684624258395766, -0.0029584037404858455, -0.00022563636865311206, 7910000000, 
-0.05576641583897312, 0.006330177594123255, -7.884746867778957e-05, 7915000000, 
-0.17915123448065157, 0.0043487756282424616, 0.00022232840536900325, 7920000000, 
0.08051115745225176, -0.015869208342547705, -9.718954676313761e-05, 7925000000, 
-0.08551376239208157, -0.016977374707523165, -0.00011819038580973939, 7930000000, 
-0.17391203692478296, 0.006002809823493444, -0.0002453362875688339, 7935000000, 
0.0696259549154388, -0.009580085549409013, -9.681235829688142e-05, 7940000000, 
-0.08072911026577281, 0.03280338344454316, -0.00026884174523912163, 7945000000, 
-0.04294690246047417, 0.020039695166546728, -5.100032655692755e-05, 7950000000, 
-0.07348084264615454, 0.006397002027533351, -0.00021019323233098408, 7955000000, 
-0.19308555592524262, 0.01733114289841417, 0.00021347136677127027, 7960000000, 
0.07861246809402837, 0.009154810310003913, -0.00015569730121997311, 7965000000, 
-0.037580604400429055, -0.02165804702915212, -0.00015652074656496165, 7970000000, 
-0.0716304305660688, -0.0029856044687859695, -6.306323238207073e-05, 7975000000, 
-0.0714380942426513, 0.030702604162813632, 9.86936036815023e-05, 7980000000, 
-0.026199790944914862, -0.013308797349389029, -5.7625458533981e-05, 7985000000, 
-0.06168973376672682, -0.00985969306227447, 0.00019295525793073024, 7990000000, 
-0.0816608273881527, 0.020768905363399096, 0.00010956228124910233, 7995000000, 
-0.06808170389591704, -0.009411536152431685, 8.272400184326036e-05, 8000000000, 
-0.07974911877304802, 0.0066957256158101655, -2.3529800199325656e-05, 8005000000, 
-0.06705496179303617, -0.005188016106524493, 0.00018190671311509878, 8010000000, 
-0.057865086065879485, -0.009427442846902497, 0.00020508970261652362, 8015000000, 
-0.09310671087698406, 0.00425137113103706, -0.00017037404804571621, 8020000000, 
-0.10896846030591822, -0.0034611156707378063, 0.00022008186254235092, 8025000000, 
-0.09290837788304172, 0.015041914637050475, 0.0002634084899705263, 8030000000, 
-0.07295565840442884, -0.017364875526886803, 0.00020306195403657098, 8035000000, 
-0.07879519416142448, -0.0020620925202196115, 0.00020059856711440767, 8040000000, 
-0.06761071861598197, -0.002135343113102894, 0.00013820158753941278, 8045000000, 
-0.07978660806295741, -0.006078404155159867, 0.0001478817066117096, 8051000000, 
-0.0677527920342886, -0.011393700201220035, -1.3871299991885582e-05, 8056000000, 
-0.07056590954902893, 0.022393129094605235, -0.0001157101536032524, 8061000000, 
-0.08546813617719527, -0.01572510540392443, 0.00017720431068680485, 8066000000, 
-0.05788733900847732, -0.00935866551366571, 0.00046975050605115883, 8071000000, 
-0.029845599028610975, -0.005016684641865586, -9.191497059668256e-05, 8076000000, 
-0.05955514238898228, 0.036224698340081, -0.0001841251845590511, 8081000000, 
-0.045353993630643304, -0.002625400509005643, 3.9180472305290534e-05, 8086000000, 
-0.06753253373216238, 0.023548823453637797, 0.0002242945854340355, 8091000000, 
-0.06961772502415402, 0.01307310485710055, 0.0001598293556976123, 8096000000, 
-0.062263658847178195, -0.0017112559004178666, 0.0003073922912734042, 8101000000, 
-0.1814009402508893, -0.008014844495141721, -9.403151274453232e-05, 8106000000, 
0.05032842739040687, -0.0064112882344584295, -5.423422734329786e-05, 8111000000, 
-0.05296151024747836, 0.006010429972718319, 5.455009981277924e-06, 8116000000, 
-0.19594788380443284, 0.023609263055722692, -0.00019275298880521704, 8121000000, 
0.0706467874207645, 0.01622156234877304, -0.0001443904438234136, 8126000000, 
-0.045819120770858465, 0.0215726034915425, -2.8241142854016305e-05, 8131000000, 
-0.19717932270657407, 0.026395957895451835, -7.311563096187321e-05, 8136000000, 
0.07034007280200348, -0.004247953576988924, 0.00022783129979103784, 8141000000, 
-0.06099839150688981, 0.0026976498590984594, -0.0001384813124370296, 8146000000, 
-0.20647206608487503, 0.03427408194432922, -0.00028590794840081417, 8151000000, 
0.10953101143741618, -0.0002983307315719392, -6.668263347785437e-05, 8156000000, 
-0.20262679140889148, -0.01171464233380958, -7.256971511526442e-05, 8161000000, 
-0.08923023616757025, -0.009196697419730617, 2.8285421382850858e-05, 8166000000, 
0.06682931178435648, 0.02055067924015454, 0.00012772207937907114, 8171000000, 
-0.19052271706654372, -0.032761239549754816, -3.617135904596386e-05, 8176000000, 
-0.05886658655442048, 0.01575089049661076, -0.0002967488550035877, 8181000000, 
0.12221374527781415, 0.025221141663390345, 0.00012907417510387608, 8186000000, 
-0.1939436884741998, 0.015640037056752966, -0.0003383696461500825, 8191000000, 
-0.04833723599751835, -0.019540712428200113, 0.0002576062417792944, 8196000000, 
-0.04370743322157681, -0.01766420359468443, -2.7358345416535587e-06, 8201000000, 
-0.036339484435673926, 0.011921179383785186, -1.6600524207058167e-05, 8206000000, 
-0.06933801881190196, 0.00448619519153252, -0.00011223859178555827, 8211000000, 
-0.06478573749477085, -0.005575146028786753, 9.740741707209086e-05, 8216000000, 
-0.09792810278608885, 0.02817423244363038, -0.0003214214011386998, 8221000000, 
-0.029994877418306524, 0.005799539993737296, -2.3027111391090496e-05, 8226000000, 
-0.052661421313089714, 0.0024075935939655074, -1.8402621266249292e-05, 8231000000, 
-0.0592733320142025, -0.007857663102051929, 0.0002407008653253914, 8236000000, 
-0.045269987544198344, 0.005424890607309225, -7.396343691226041e-05, 8241000000, 
-0.06041962020317381, 0.011102096564305896, 2.0246073404213862e-05, 8246000000, 
-0.06359966473909992, -0.006046167565335553, -0.00024968162422956157, 8251000000, 
-0.047600399292975694, 0.006356635545840213, 5.725863578758102e-05, 8256000000, 
-0.01697577260107177, 0.025521361422571068, -8.044365038952087e-05, 8261000000, 
-0.035941806090185456, 0.017206120518056846, 0.00019924848505125544, 8266000000, 
-0.02862166483418583, 0.019653593992923192, 7.292549653743901e-05, 8271000000, 
-0.045643154868706716, -0.023529086430948826, 0.0001181722596144637, 8276000000, 
-0.040141163325732344, 0.015146973395333406, 0.0001439258336834497, 8281000000, 
-0.03914508411951122, 0.0019240134625969339, -2.4662592981871646e-05, 8286000000, 
-0.06955500940225029, 0.010603994646294353, -0.00048711174471220074, 8291000000, 
-0.043994452027153845, 0.013464082119321605, -0.0001977165504548475, 8296000000, 
0.013513269096906609, -0.009489059037143817, 7.263486412627896e-05, 8301000000, 
-0.01580048255125759, 0.0003405321511917018, 0.0003908364464492143, 8306000000, 
-0.02047747764599292, -0.009574776214726893, 0.00011820212966893851, 8311000000, 
-0.04367985796318021, 0.0003577224869642403, -0.00026252513809691774, 8316000000, 
-0.03047840549035774, 0.019093272113721325, 0.00010405245589925075, 8321000000, 
-0.04071129798745077, -0.02028703861492451, 0.00018724928373567808, 8326000000, 
-0.035086005460319314, 0.004128134938559464, -0.00014027957235499, 8331000000, 
-0.03633537042907439, 0.01274226825000253, 0.00038640500387048855, 8336000000, 
-0.004177065374419621, 0.012923150492583722, -0.0001252024298461318, 8341000000, 
-0.07118569348853047, -0.0025898896893964173, 0.00024972455414437383, 8346000000, 
-0.061521095366104436, -0.00015418112826215695, -0.00021408701940034172, 8351000000, 
-0.05471754090106072, 0.02195254457256503, -5.456656648150115e-05, 8356000000, 
-0.02907404447272734, -0.04390212942180868, 0.00041813259955035667, 8361000000, 
-0.044361107386615035, -0.002053026492552156, -0.0001814608461205729, 8366000000, 
-0.03269248928985437, -0.027229521755333216, -3.48089306116075e-05, 8371000000, 
-0.02229300515154544, 0.021046879872008314, 3.559560735088779e-05, 8376000000, 
-0.022975616281234974, -0.018168418283183614, -5.652903069704431e-05, 8381000000, 
-0.044203365282430955, 0.011637618162068913, -3.401949343747691e-05, 8386000000, 
-0.03606428645590917, 0.029948304049504784, -0.000158737824853429, 8391000000, 
-0.028861649452911697, -0.027087855399024703, 7.572180296101872e-05, 8396000000, 
-0.0616662935018092, 0.003965095553534666, 3.48470092881411e-05, 8401000000, 
-0.02296392585415487, 0.01835977401227505, -0.0003119135812625353, 8406000000, 
-0.05484901909107033, -0.0035577112745033236, -3.4283728479654736e-05, 8411000000, 
-0.04764129598786085, -0.00264893325747569, -0.00019330420892463081, 8416000000, 
-0.05019407891000502, -0.014302886516493465, 0.00026322457868929825, 8421000000, 
-0.044246205971398056, -0.004545839792720414, 0.00011694061126615647, 8427000000, 
-0.04198848848519103, -0.0004226119010483216, 0.00018221445751427775, 8432000000, 
-0.05602933014638245, 0.009216280669163924, 5.389590499508583e-05, 8437000000, 
-0.0316333754215761, -0.001834448587457009, -0.0001424236810477746, 8442000000, 
-0.0601878888880984, -0.01989062472553114, -7.866028923185062e-05, 8447000000, 
-0.04483404860293999, -0.006750867516713697, 0.00013886191251833018, 8452000000, 
-0.039951428239462364, 0.005404855130465154, -4.358484207018117e-05, 8457000000, 
-0.02593013609730451, 0.02247689172175927, -0.0001235729753722452, 8462000000, 
-0.03965225182793937, -0.010011988071854652, -0.00015768570672166835, 8467000000, 
-0.028299061207571797, -0.027421445890148284, -0.00014458976112465184, 8472000000, 
-0.05101654231123486, 0.014011338824615695, -5.206827833831128e-05, 8477000000, 
-0.045005407056435305, 0.0022209859986949436, 4.258185032359317e-05, 8482000000, 
-0.033981523230178445, -0.008123799059744266, 7.449859900992295e-05, 8487000000, 
-0.040188352369481956, 0.026010636609594955, 0.00010312980729692967, 8492000000, 
-0.048336122920524076, -0.015134328859683754, -3.2464998381955396e-05, 8497000000, 
-0.0098340857363803, -0.0015020506857439532, -0.00021430121408613366, 8502000000, 
-0.04064624474313218, -0.020043866266374423, 0.0003470337333079955, 8507000000, 
-0.053584081648842985, 0.008050657694949987, -0.0002247413069654672, 8512000000, 
-0.044385450436644554, -0.02564144553455425, -0.0001533081766953599, 8517000000, 
-0.04119931051135041, -0.040381492653654046, -0.0003467754403350779, 8522000000, 
-0.03297083421570011, -0.011357526435839552, 9.162085731064371e-05, 8527000000, 
-0.058331314207731313, 0.006775136690209647, -0.0001065143708483853, 8532000000, 
-0.0379275259670635, -0.005335633309027997, -4.798028068287786e-05, 8537000000, 
-0.03978699681471646, 0.015543848005892993, 0.00014935058875632586, 8542000000, 
-0.0254582790306596, -0.0015445767867344833, -0.00020014748682692032, 8547000000, 
-0.035960198056122744, -0.0011149871178740079, 0.0001326813713302865, 8552000000, 
-0.026134969827571138, 0.005360560119700638, 0.0001544710097151269, 8557000000, 
-0.050118387748825065, 0.013663386880556417, -0.00021593530662640536, 8562000000, 
-0.03948131201216085, 0.006052428685999382, 0.00014636498654993827, 8567000000, 
-0.04100843098263305, 0.022100101815242464, -0.00012334416505175536, 8572000000, 
-0.04750052911317381, 0.00848968817321048, 0.0001660738587480723, 8577000000, 
-0.059916837942481434, 0.025150748165542188, 0.00024958373260959023, 8582000000, 
-0.07420060704340334, 0.02708578352514765, -0.0004024058280143903, 8587000000, 
-0.0418129419513481, -0.019414390360314046, 1.6656706899271616e-05, 8592000000, 
-0.03660062805516996, 0.01030799171726644, -9.457845399252341e-05, 8597000000, 
-0.04594888836829239, 0.01154811512070501, 1.2294381789383512e-05, 8602000000, 
-0.06535042189538248, -0.000546928128426709, -0.00022751176311288165, 8607000000, 
-0.03574058956693876, 0.02713591497829292, 0.0003583830081933871, 8612000000, 
-0.04283670718644607, 0.008298180491163066, 0.00010423138815545942, 8617000000, 
-0.025084784194306903, 0.0076893323096987745, 0.0003749175691657284, 8622000000, 
-0.04208579718492805, -0.006233178313776966, -0.0003296455544493072, 8627000000, 
-0.04290085568479842, 0.007927424927834782, 0.0003334939319278501, 8632000000, 
-0.029382723395625435, 0.02613834759185966, -0.0003293440237115394, 8638000000, 
-0.06821238220262352, -0.01283421267065884, -7.657098788088337e-05, 8643000000, 
-0.0602446055356451, 0.023442017460562597, 0.00013026490703199107, 8648000000, 
-0.07057375572040378, -0.01192783963088599, -7.902325070849901e-05, 8653000000, 
-0.050248613611923496, -0.010706540449304424, 0.00010865080583013818, 8658000000, 
-0.08277462867051216, 0.013071562539583905, -5.6266022255050524e-05, 8663000000, 
-0.04623836996991495, 0.006100853098504479, 0.00044588941687826096, 8668000000, 
-0.05517022902471499, 0.01485148387461854, -0.00014746738105401248, 8673000000, 
-0.04019672496855616, -0.016497046128904375, 0.00023081915260738506, 8678000000, 
-0.02659995251104759, 0.028760499742200976, -0.0003125118003439326, 8683000000, 
-0.06633993630741515, 0.005733612664440526, -8.704037325310247e-06, 8688000000, 
-0.06490886892196576, -0.0005839768506752182, -4.069466299636094e-05, 8693000000, 
-0.07110086383309455, 0.014527302642438834, 0.00013208060935640685, 8698000000, 
-0.06729214860722643, 0.023607518892374373, 0.00016954943828864755, 8703000000, 
-0.043882703251862026, -0.018423153410073896, -2.68142931563241e-05, 8708000000, 
-0.04726902074302699, 0.019254956120366245, 0.0003903287601759646, 8713000000, 
-0.07093124285575689, 0.03488631088434777, 0.00016038570843864472, 8718000000, 
-0.056992440374803256, 0.007324040840586111, 6.870887186320627e-05, 8723000000, 
-0.04644896361279923, 0.024386959328265772, -0.0002604175841062631, 8728000000, 
-0.05752626229306432, 0.0046219346856140025, 3.9517032726514635e-05, 8733000000, 
-0.10304617873722001, -0.00920005005731124, -9.942462636157211e-05, 8738000000, 
-0.07661792179545611, -0.01859146782031384, 0.00010165579138447947, 8743000000, 
-0.026630302491793902, 0.024647509914230665, 0.00011891094869104518, 8748000000, 
-0.06988073558996688, -0.018474236293569774, -8.178375360592227e-05, 8753000000, 
-0.07357581005140103, 0.018204761434699086, -3.7903582245801356e-05, 8758000000, 
-0.052137763750305544, 0.01295811325050422, -0.0002553237974326655, 8763000000, 
-0.07820150026419909, 0.0037736901952228077, -0.00017191828734379873, 8768000000, 
-0.04291566483894512, 0.021401797505776723, 9.5723136253175e-05, 8773000000, 
-0.06643773912538835, -0.014188841859690984, 0.0002584170181990551, 8778000000, 
-0.04211302081952865, 0.002716937755573126, 1.5983069784011773e-05, 8783000000, 
-0.05218070118479471, 0.008600512530911293, 6.509049372549942e-05, 8788000000, 
-0.07959290323771376, 2.92083198975405e-05, 0.00013647891682973327, 8793000000, 
-0.017936540574034807, 0.014135460505264411, 0.00045309906779741427, 8798000000, 
-0.05895749887375393, 0.038679814518633907, 8.642015792986666e-05, 8803000000, 
-0.08056313133505141, 0.013191222921127763, -3.4586260353812305e-05, 8808000000, 
-0.07615582910120003, 0.045535812911192894, 0.00035855831769762475, 8813000000, 
-0.057201345437160475, -0.00585268313266951, -0.0001853317445609248, 8819000000, 
-0.06955065004842796, -0.004649241764230533, -0.00031323849088657214, 8824000000, 
-0.0923037306071951, 0.009925874755771277, -7.568941842295125e-05, 8829000000, 
-0.09264044021871778, 0.026640751402955385, 1.3400013002334673e-05, 8834000000, 
-0.02385474957698335, -0.004254221931345433, -8.210056028492805e-05, 8839000000, 
-0.055933446605479824, 0.009147195064510373, 0.000273408234367004, 8844000000, 
-0.07208625087493617, 0.03574967894246469, 0.00019886228522402255, 8850000000, 
-0.0859070567597005, -0.010755421498661407, 0.00015890944407519038, 8855000000, 
-0.06929323576250268, 0.03767892266907487, 7.100485196634936e-05, 8860000000, 
-0.07082512369281807, -0.007167036677878459, 0.00016862095147637392, 8865000000, 
-0.051820633368473146, 0.026832462864482615, -1.1113763892485232e-05, 8870000000, 
-0.0665491641708077, 0.00239431436210935, -0.00019438752179204706, 8875000000, 
-0.07221789124696659, -0.029531495987350487, -0.00018164358167296733, 8880000000, 
-0.07864309690800167, 0.012200868931817883, 0.0004514895342005176, 8885000000, 
-0.0655556803094552, -0.003474398242406686, -0.000140125407184904, 8890000000, 
-0.04884985838919247, 0.015540474118705726, 7.081783235749792e-05, 8895000000, 
-0.06709311559582463, -0.016350753977592114, 7.938106652995909e-05, 8900000000, 
-0.07016926890644547, 0.02265830712669453, 5.3207410440174605e-05, 8905000000, 
-0.07510240905434273, -0.02785323103448954, 0.0003339908161390363, 8910000000, 
-0.05365009901304796, -0.022414619294646956, 0.00017790414109455382, 8915000000, 
-0.07693219489025431, -0.0048617155807044315, -3.8304092712752905e-05, 8920000000, 
-0.09303771275622111, 0.01501892108742593, -0.0003532327071898398, 8925000000, 
-0.06546075849104208, -0.0026166916954599236, -0.00013917917950245006, 8930000000, 
-0.053404772050268626, 0.009227110739316209, -0.00014081090874373128, 8935000000, 
-0.07568439410980217, 0.029955394604017263, -8.692507665258636e-05, 8940000000, 
-0.08179174843713258, 0.008650550063868905, -0.00011827713619312254, 8945000000, 
-0.05303809533413298, -0.019189199710925458, -0.00019342852135428523, 8950000000, 
-0.058181472484742786, 0.0028302756977016488, 3.881236575615752e-05, 8955000000, 
-0.06736840215885148, 0.024587703032477502, -9.93957952687687e-05, 8960000000, 
-0.06937909728999744, 0.007615976549647874, -0.00018753764781042286, 8965000000, 
-0.04685494871052047, -0.003380831135835891, -7.023779088896006e-06, 8970000000, 
-0.07958947879378768, 0.008493112011529759, 8.918614257983526e-06, 8975000000, 
-0.06180338214005561, 0.01029198120224845, 6.099161591946633e-05, 8980000000, 
-0.05664924920952526, -0.002138931197353637, -5.358065632118263e-05, 8985000000, 
-0.06995839921830468, 0.006799523580875741, 0.00015915691645974997, 8990000000, 
-0.04490888802611574, -0.016649812541622188, -6.809328639821657e-05, 8995000000, 
-0.058303327200435205, -0.004464868088644583, -0.00016276582455973784, 9000000000, 
-0.11098631914835658, 0.008389458635033488, 0.000284092876625746, 9005000000, 
-0.03005673314814836, 0.018470987058079886, -0.00014097357091579163, 9010000000, 
-0.06544937417911631, -0.008532227903593847, 0.00011414941084347517, 9015000000, 
-0.07684054612818406, -0.0018202456912592203, -9.081948182697196e-05, 9020000000, 
-0.0494687807724104, 0.01782467167941094, 0.00026931056194205683, 9025000000, 
-0.06307736896683674, 0.032438617053067685, -0.00014770866178090382, 9030000000, 
-0.07069940895165143, -0.031190297398661342, -0.00046568475539842763, 9035000000, 
-0.07563095568573226, -0.022795272001027232, -7.93214169209297e-05, 9040000000, 
-0.08720191578931989, 0.020348170185489456, -8.078888409204848e-05, 9045000000, 
-0.07675603991325107, -0.009575544562340943, 2.8863280687257713e-05, 9050000000, 
-0.05010422934770256, -0.009230865538738569, -2.8984996107390913e-05, 9055000000, 
-0.029414939915233623, 0.0173604218919299, 9.828982718806359e-05, 9060000000, 
-0.03500253534832963, 0.00282856963974888, 0.00044196351204854514, 9065000000, 
-0.05930326521529758, -0.0025083291091369, 0.00040868874011256194, 9070000000, 
-0.007887406051979559, 0.0197440170306869, -5.8796749297892495e-05, 9075000000, 
-0.03342969078763047, -0.0467309946224049, 0.00010355485949479809, 9080000000, 
-0.08716181998191634, -0.026079362639082327, -0.00019870887792721202, 9085000000, 
-0.052670532374594826, -0.00011568537316928489, -0.00010734442556014517, 9090000000, 
-0.057553589783021886, -0.0006941156041938057, 5.2161029648150374e-05, 9095000000, 
-0.07228054814181822, 0.013066136004429366, 0.00018768158517976362, 9102000000, 
-0.05528588014595871, -0.02235357549998876, 0.00018052761052451244, 9107000000, 
-0.06308846463976484, 0.011631661026942491, 0.00021582232835424, 9112000000, 
-0.07075729393362921, -0.015839369470970557, -6.454344738907778e-05, 9117000000, 
-0.062428556304676946, 0.027011927194063725, -9.83817150464602e-05, 9122000000, 
-0.018473848644818464, -0.0033759561817519627, 0.00019267344926371136, 9127000000, 
-0.059336965644108286, -0.016310279043740914, -2.517635767377891e-05, 9132000000, 
-0.031787205897562336, 0.01642827723374516, -2.8769691855282186e-05, 9137000000, 
-0.06781464537694608, 0.017737684826177467, 0.00013017411666282157, 9142000000, 
-0.023384688670253048, 0.03252007986025989, 0.00011031489106213712, 9147000000, 
-0.03894387978330824, -0.02605414247469582, -2.1004074154711835e-05, 9152000000, 
-0.036038767242818195, 0.009273183479357692, 0.0001967803676260975, 9157000000, 
-0.04003247075403886, 0.032557334202471866, -6.542587690711595e-05, 9162000000, 
-0.041513650340128105, -0.00637399807553246, -7.648571775061641e-05, 9167000000, 
-0.05768038113543888, 0.018745373272127407, -4.5248599869306535e-05, 9172000000, 
-0.025645718619593163, 0.05824533879649043, 0.00022227381292882668, 9177000000, 
-0.029891063180379058, 0.01927352529665199, 0.00014877364164337547, 9182000000, 
-0.0573093384457843, 0.01283910046605168, -6.050912026543314e-06, 9187000000, 
-0.03338224826377137, -0.006417630777548508, 0.00010611267949218916, 9192000000, 
-0.055767222539722466, -0.015298042481586152, 5.727363907029406e-05, 9197000000, 
-0.03201495970618091, -0.003718307668158076, -0.00014580228360322256, 9203000000, 
-0.06370579567533051, 0.022131278353096268, 5.322909614443368e-05, 9208000000, 
-0.027694130361687885, -0.0015976322146734464, 0.0001348172631413737, 9213000000, 
-0.056584553355918804, -0.0196436636415292, -0.0001961962782975857, 9218000000, 
-0.046325571337837254, -0.0004920158267592962, 3.626912592978838e-05, 9223000000, 
-0.03008476420009682, 0.014325701996101963, 0.00019546173248346024, 9230000000, 
-0.035359858365266034, 0.026292743052435796, -6.071768905201761e-05, 9235000000, 
-0.017797683266673664, 0.02076785323493486, 0.0002437201214039203, 9240000000, 
-0.04847857511207207, 0.0028375049075671905, -3.803021656340259e-05, 9245000000, 
-0.040619059910915974, -0.016187444023134344, -0.000125945304871501, 9250000000, 
-0.02494134322581538, 0.0018674358871628815, 5.967284129944086e-05, 9255000000, 
-0.042782333069293854, 0.016599478656986494, 9.605893300509776e-05, 9260000000, 
-0.044362840742028134, -0.04304041202561509, -1.687457399432881e-05, 9265000000, 
-0.06667174111113898, 0.014940379173204595, -0.00019551803518970366, 9270000000, 
-0.054039825093035454, -0.016415058321725327, 0.0001129518404711329, 9275000000, 
-0.051998426953754825, -0.011842985329843674, 9.137832405791457e-06, 9280000000, 
-0.038217445254331496, -0.012348082945107558, 0.0003742262543692914, 9286000000, 
-0.061761997065820834, 0.01679885950904287, 0.0001455190989647212, 9291000000, 
-0.05266785588296146, 0.015142839148571114, 2.7269861835780322e-05, 9296000000, 
-0.05102075767921182, 0.009754269218065641, 5.890035163585797e-05, 9301000000, 
-0.06382268919144608, 0.01838611002337479, -1.3106976904427106e-05, 9306000000, 
-0.08655710931493218, -0.0036822029533594767, 8.610065088720034e-07, 9311000000, 
-0.054221270700656944, 0.002373852927428128, -0.00010900103141699227, 9316000000, 
-0.033212029484507175, 0.010571842712952804, -0.0003728405324934271, 9321000000, 
-0.06465171469932009, -0.012201992693514772, 0.00018248380653961439, 9326000000, 
-0.03400926781983439, -0.00251860448297402, -0.0003103897466638059, 9331000000, 
-0.041552128430495334, -0.004631187262702271, -6.0066686055077044e-05, 9336000000, 
-0.07315749879442605, 0.00523838559134252, -0.00022134292000337776, 9341000000, 
-0.058424053179346416, -0.001517078542866243, 0.00020816182707683047, 9346000000, 
-0.02608116550050683, -0.0202853752589991, -6.482470648974226e-06, 9351000000, 
-0.03731341632837403, 0.015336679473843182, -0.0003411081084771502, 9356000000, 
-0.05792838512279307, -0.028204278038155995, -0.00033012701974894704, 9361000000, 
-0.01249385328145241, 0.019948312035756186, -0.00020101568365665662, 9366000000, 
-0.04639451629758978, -0.01158914151560176, -0.0002290940067662654, 9371000000, 
-0.016878233558803565, 0.0008051005735938606, -0.00017596984872080565, 9377000000, 
-0.046830267871400835, 0.012284321670242961, -1.2978007149624739e-05, 9382000000, 
-0.04531098357213106, 0.037730782068864, 0.000369813495588464, 9387000000, 
-0.055986903969153, 0.00032417151670672834, -0.0001274651158313338, 9392000000, 
-0.06953235158241738, 0.0198269362951239, 0.00012138878009500262, 9397000000, 
-0.07154448127589165, -0.04124011624452382, 0.00018191799145957923, 9403000000, 
-0.0709163722477343, 0.017231298956323707, -0.00039995038377374785, 9408000000, 
-0.027840154352562922, -0.01769346538538523, 0.00013046098257750636, 9413000000, 
-0.03678261847807833, -0.008490467278328785, 0.00018692888005601076, 9418000000, 
-0.05613789792389247, 0.008887557701900816, 3.253852044260856e-05, 9423000000, 
-0.052801877907291336, 0.020618354617207464, 9.467870108633646e-05, 9428000000, 
-0.05611445868767926, -0.01573538761104284, 0.00014485144143290104, 9433000000, 
-0.060944885565780725, -0.0032669513451975907, 9.426829306798129e-05, 9438000000, 
-0.07887930725228723, -0.005298957985489968, -6.071723029003534e-05, 9443000000, 
-0.053645026117529894, -0.0004991950943779948, 0.00013025639348799597, 9448000000, 
-0.07611256009477826, 0.017281722655873875, -0.0003550342697840781, 9453000000, 
-0.05602419208476242, -0.015056199657029977, -2.5878366818903278e-05, 9458000000, 
-0.06985976799802164, -0.005709004559755333, 5.082552272999898e-05, 9463000000, 
-0.04423091250492994, 0.009512608508657979, -3.4947945892170216e-05, 9468000000, 
-0.06440257616124923, 0.0007569630442822457, -0.00010806371380046105, 9473000000, 
-0.03490967997698306, -0.02187448602986916, -4.0816637006391485e-06, 9478000000, 
-0.047142858842006384, -2.5356856176423628e-05, -0.000165172263627668, 9483000000, 
-0.06269099399736408, -0.009295398642550455, 5.850496475772103e-06, 9488000000, 
-0.07290973308523885, -0.0008418516249368874, 0.00014210558780749057, 9493000000, 
-0.04506717273028437, 0.010720264181533589, -9.487806166085164e-05, 9499000000, 
-0.06129101429449054, 0.005496741790313741, 0.0007463520677886884, 9504000000, 
-0.04341994169565601, 0.008987672197351042, -5.946886792030697e-05, 9509000000, 
-0.022717345559569203, -0.029683237019766735, 0.0001787124042195337, 9514000000, 
-0.08205215735140783, -0.010354084212940203, -0.0003166856162798877, 9519000000, 
-0.08987908438550031, 0.011718334769698222, 2.092239665816533e-05, 9524000000, 
-0.07111182423948438, 0.005927130792237765, -0.0005759210358302387, 9529000000, 
-0.062490704860364746, -0.003701858667106728, 0.00028886454580740487, 9534000000, 
-0.0555163373172658, -0.022875489872992993, 0.0003024630357129324, 9539000000, 
-0.08859634949411549, -0.019034904192460025, 1.9206631558027208e-05, 9544000000, 
-0.07919661134571779, 0.014836797828368565, 7.255452547451294e-05, 9549000000, 
-0.05788169967859412, 0.018107609739677503, 0.00035004440930988637, 9554000000, 
-0.09293276537345943, 0.02487853141105549, 0.00020876214426709925, 9559000000, 
-0.053870438264897, 0.017044445260592036, -0.0002134019976715306, 9564000000, 
-0.06043259332737552, 0.03878835965769199, 0.000111901132302646, 9569000000, 
-0.06146653641085895, 0.02360623346257532, -0.00017055402978001023, 9574000000, 
-0.04379279837869072, -0.003916195682914778, 4.616005936825657e-05, 9579000000, 
-0.06327268983865775, -0.01758791873487614, -0.0001195440426742733, 9584000000, 
-0.08052078224389081, -0.010334131577163272, -0.00038842948645009974, 9589000000, 
-0.057915907558997906, -0.013842011682018623, -0.00020903915319847257, 9594000000, 
-0.07504270430103825, -0.005098508381704448, 0.00014042470298487143, 9599000000, 
-0.06801467479206368, 0.025039572290466324, 0.00025346614258438515, 9604000000, 
-0.060280911664993816, 0.00876284621474853, 0.00022481951927493286, 9609000000, 
-0.07773414701934794, -0.02977137279231069, 0.00021408757170550505, 9615000000, 
-0.06439233384514252, 0.0108296183569739, 6.307778351294083e-06, 9620000000, 
-0.029004710485981067, 0.020862030064488044, 0.00019398595906551446, 9625000000, 
-0.05867983730562206, 0.013604574084182553, -0.00022588580209278444, 9630000000, 
-0.0779337102633288, 0.00038112849227574523, -1.2196861757248448e-05, 9635000000, 
-0.05907771340208262, -0.036098492556292903, 0.0001424603117513431, 9640000000, 
-0.0820470531441908, -0.0164118273355201, -0.00023687352757711545, 9645000000, 
-0.023314877359321383, -0.017452731699446986, 0.00018872117255458196, 9650000000, 
-0.06672443942989043, 0.016958218462434463, -9.485260023473228e-05, 9655000000, 
-0.04045790305166611, -0.03243843048712952, 7.782514735650465e-05, 9660000000, 
-0.06991875684289131, -0.01727607773344551, 0.00019807001930389418, 9666000000, 
-0.062064720088425354, -0.0340774186079457, -0.00017159610671074526, 9671000000, 
-0.020258416697763286, 0.007460971643552583, -0.0003707852219252383, 9676000000, 
-0.0663265035162845, 0.026877944606331094, -6.479691492046111e-05, 9681000000, 
-0.0718178188515512, 0.017260226604422182, 0.00022890743096038788, 9686000000, 
-0.06290808525135073, 0.01604912536507564, -7.10501144847541e-05, 9697000000, 
-0.056658143817438535, 0.0004861150157864245, -0.00014184250327700052, 9702000000, 
-0.06026089982461802, 0.0012193335446029595, 0.00021430516378117816, 9707000000, 
-0.08094426725163294, -0.015066122857664918, -0.00010550603458077199, 9712000000, 
-0.0431827801829228, -0.02304149885837642, 0.0001992863129544015, 9717000000, 
-0.05842287491980043, -0.0006012106697866062, 0.0005081059051696055, 9722000000, 
-0.046207176769541655, -0.0035718423751884593, -9.649661478784239e-05, 9727000000, 
-0.04292947765412004, -0.009141764294702153, 3.982669795792429e-05, 9732000000, 
-0.07934819868369695, 0.006327154728568676, 4.2714130849530313e-07, 9737000000, 
-0.03927823639004027, -0.004393946628657884, -4.5035624147984054e-05, 9742000000, 
-0.04231263123790069, -0.016158786892412944, -9.460305658320098e-05, 9747000000, 
-0.07095759383384267, 0.0006177313154605793, 1.9976483629800758e-05, 9752000000, 
-0.06751467310094639, 0.011389561920763782, 0.00012704034161408083, 9757000000, 
-0.05178212573423188, 0.003355116973798055, 0.00027572124299476004, 9762000000, 
-0.04556999996780668, 0.012830405304240605, -2.720224036549229e-05, 9767000000, 
-0.03061573603024361, 0.005375010830723621, -0.00017038429972183938, 9772000000, 
-0.032537756543237074, -3.338991061910669e-05, -0.00021257246552930522, 9777000000, 
-0.06547027374526186, 0.009201414938266013, -0.0002962897772900972, 9782000000, 
-0.05328895802969603, -0.010435463839734522, -7.441547028508084e-05, 9787000000, 
-0.053969026841353934, 0.025077582329801076, 4.4764754004776476e-05, 9792000000, 
-0.05627232502161335, -0.01621196740114524, 1.7506467356279753e-05, 9797000000, 
-0.049376095937731034, 0.03246434982735183, -0.00011118341994658296, 9802000000, 
-0.0558977930599565, 0.005954149019942331, -0.0002854059941045045, 9807000000, 
-0.06350985557529182, 0.05275276739095506, -7.523468066867064e-05, 9812000000, 
-0.031963486434226925, -0.0141057602436656, -0.00019320483232613566, 9817000000, 
-0.03731495646114055, 0.008177062769515608, 0.00016255185619888461, 9822000000, 
-0.048874752030571976, -0.009780940512471328, -0.0003070314102360126, 9827000000, 
-0.07585973269187841, -0.02409397206013972, -7.215754445258154e-05, 9832000000, 
-0.0421310762784659, -0.010554705259638884, 0.0001322461043638215, 9837000000, 
-0.036425991833707705, 0.008175928555854124, 0.00018393968292444872, 9843000000, 
-0.05885045750726102, 0.021882839162560206, 9.930191290656075e-05, 9848000000, 
-0.043794194644935405, 0.018137424417261187, 0.00023776069715254224, 9853000000, 
-0.09730715225286987, -0.010525626411267563, -1.367999117879585e-05, 9858000000, 
-0.031561713139823096, -0.02412905074952286, 6.741652872490827e-06, 9863000000, 
-0.04525416121629888, 0.012020348172808152, 0.00011181811729155542, 9868000000, 
-0.0408334542952545, -0.00698284596518278, 5.635907343127056e-05, 9873000000, 
-0.038966104571988805, 0.019677190212293423, -0.00014809811104823215, 9878000000, 
-0.04167718832355285, 0.03117164727200352, -0.0005915168374583614, 9883000000, 
-0.038440007102230445, 0.0062610357413838925, -3.8544633122872246e-05, 9888000000, 
-0.04095328300610892, -0.04238540804468896, -0.00011807112916854386, 9893000000, 
-0.043930463211830896, 0.020132570908728206, -2.9243798565234265e-05, 9898000000, 
-0.05379393430813326, -0.024250675454829177, -9.121966982754995e-05, 9903000000, 
-0.04646025222779575, 0.000566969636331359, 9.092625668149946e-05, 9908000000, 
-0.05097998698816424, -0.00547836675063323, 0.00010494895736897708, 9913000000, 
-0.06453256066722513, 0.019985368220444187, -0.00025743529936759807, 9918000000, 
-0.012592508707599946, -0.022298298734602814, -5.063521843521882e-06, 9923000000, 
-0.044216350732392246, 0.004410233418680218, -8.089446327907733e-05, 9928000000, 
-0.02628330851428197, -0.02514209951483961, -0.00010584850277795692, 9935000000, 
-0.06271015779798285, 0.005663906209270379, 0.00017225017469180243, 9940000000, 
-0.050976784907840494, -0.014754639555055335, 7.637018135461644e-05, 9945000000, 
-0.05602098478292532, -0.008816836446700461, 0.0003708075519676031, 9950000000, 
-0.04323646491020824, 4.3823688653929905e-05, -3.6595519477943515e-05, 9955000000, 
-0.04376315082324634, -0.0024343945885503234, 9.727474791446536e-06, 9960000000, 
-0.03259793045326739, 0.024914635905824534, -0.00019686797810051268, 9965000000, 
-0.03920598957353365, -0.0036882877556603496, -0.00010195589815339097, 9970000000, 
-0.036885358214756164, 0.0057705130073178726, -5.354963371283054e-05, 9975000000, 
-0.028497927202507878, -0.02216593333774875, 0.0002475859787642954, 9980000000, 
-0.05943724641717459, -0.016091112715383497, -0.0004121843451974619, 9985000000, 
-0.03968433671852134, -0.016206120236391508, -4.901841014472641e-05, 9990000000, 
-0.06839248851851923, -0.022136892321497802, -9.624155884105191e-05, 9995000000, 
-0.07442981110669106, -0.022459549392146356, 9.717419082792456e-05, 10000000000, 
-0.05986987342261003, -0.025207789491460346, 0.00035982639289835306, 10005000000, 
-0.04312229828885439, -0.04807833989844998, -0.00023737293558154216, 10010000000, 
-0.07056171257040449, 0.004339173289254932, -3.445978367971916e-05, 10015000000, 
-0.06681039047479263, -0.027969916134956595, -0.00014592242306674227, 10020000000, 
-0.058358693758939484, -0.001045445864422929, 0.00011581679337850484, 10025000000, 
-0.06324578248377904, 0.027225049351812764, 0.0003065352428044831, 10030000000, 
-0.03921068281299185, -0.014754869858506721, 4.157773803402491e-05, 10035000000, 
-0.035412999658166154, -0.013707659902546458, -0.00035727139761109275, 10040000000, 
-0.036817970769640274, -0.0109085434562375, -0.00016911624361040274, 10045000000, 
-0.09325996738240105, 0.014538779039962145, -7.520550138766736e-05, 10050000000, 
-0.08056651512659746, -0.004878867684826509, -0.0003593762581750271, 10055000000, 
-0.04317789877339963, -0.012531233280322742, 8.034406833692855e-05, 10060000000, 
-0.07850558666984281, 0.010783435470202243, -0.0002567314113246332, 10065000000, 
-0.020771726766340717, -0.014492034181380654, 0.0001168707188579486, 10070000000, 
-0.07690360051421216, 7.107402951512967e-05, -9.392889269439506e-05, 10075000000, 
-0.047862888936598035, 0.010168264129388725, 0.00016163559157776223, 10080000000, 
-0.06440048734085535, 0.03262912286035889, 0.0001314496897167129, 10085000000, 
-0.05208166031478285, -0.035365490615504765, -0.00012704487730007876, 10090000000, 
-0.06327629398998913, 0.01774715428173062, -0.00017806456137515477, 10095000000, 
-0.04457637764893142, 0.003397664384370132, 0.0002908538286643995, 10100000000, 
-0.07617004436208284, 0.02413274884473268, -0.00036858039170650585, 10105000000, 
-0.051342058377439166, 0.035988629283379384, 9.340343196331618e-05, 10110000000, 
-0.050556539197212966, 0.029238714847480033, -0.0002896788283859693, 10115000000, 
-0.039037402974324106, -0.023858517199543676, 0.00019608367709963583, 10120000000, 
-0.03250456555981762, 0.014466228788121977, -2.9022336259619264e-05, 10125000000, 
-0.050280016888867504, 0.01720812105021017, 0.00019800346928548895, 10130000000, 
-0.06593923626506558, -0.011750951028580803, 0.0001908038568532418, 10135000000, 
-0.08168497562626299, -0.018753480313678034, -0.0001497074380074516, 10140000000, 
-0.04470894693834139, -0.02535724033223642, 0.00017284799270057336, 10145000000, 
-0.022342121770153545, -0.030372750234924008, 0.0003104091794967814, 10150000000, 
-0.06471237432535158, 0.0020933254933502834, -3.677269550154012e-05, 10155000000, 
-0.0684881950305463, 0.00356897583324798, -0.00018435958155747263, 10160000000, 
-0.05827441087340332, -0.019197606613522808, -9.921567281353488e-05, 10165000000, 
-0.06662768581175511, -0.029995581943894595, -0.00017527128697933042, 10170000000, 
-0.07458524120159031, 0.01697321520222763, 0.00010346586253624787, 10175000000, 
-0.051507672929353744, 0.006488184810910779, 0.00016686487558135101, 10180000000, 
-0.0781398836837629, 0.04692830119713755, 0.00020447283540734343, 10185000000, 
-0.08025527409594976, 0.0109638213180683, -3.2460721435843056e-05, 10190000000, 
-0.031436449125680055, 0.01620586512489931, 0.00026315431707850606, 10195000000, 
-0.07475922797128122, 0.030481482303174788, -0.00014573073992712977, 10200000000, 
-0.03789180319898865, 0.00047125078010783574, -0.00016264385297771702, 10205000000, 
-0.056516662381316266, -0.012559381281248602, 6.7848207562624575e-06, 10210000000, 
-0.06099632881087306, 0.005744252957918998, 1.0302188546376924e-05, 10215000000, 
-0.047237143401133705, -0.0054000099083810135, 0.0003176971108142829, 10220000000, 
-0.04778348315151021, 0.0030587829164063756, -2.607745016417501e-05, 10225000000, 
-0.03390506436215629, 0.0004221127081178638, 0.0003687887713297247, 10230000000, 
-0.05291037671796932, -0.00030264348111588434, -8.213498958448126e-05, 10235000000, 
-0.08603866008450788, -0.023247269774739298, 0.0001598712252891065, 10240000000, 
-0.04434239611187431, -0.04609549741137806, -0.00011813519445717532, 10245000000, 
-0.0630665947404828, 0.004440966345078989, -3.537914972997178e-05, 10250000000, 
-0.026914004754740102, -0.0045384617454686665, -5.659779418706368e-05, 10255000000, 
-0.024567920675987343, 0.013231364293613986, 4.3728789766424695e-05, 10260000000, 
-0.0883469170440829, -0.03342584976632299, 6.99408084219454e-05, 10265000000, 
-0.051849713332991536, 0.028313267874664223, -0.000277032650860442, 10270000000, 
-0.05476464860594476, 0.00708495060904263, 0.00021743451610208353, 10275000000, 
-0.029838226198514974, -0.0030870515578879532, -0.00016671848198522284, 10280000000, 
-0.005487585091347162, 0.014749589209186998, 0.00011436208596463648, 10285000000, 
-0.1001544779640896, -0.0006870175079555248, -3.96638179960081e-05, 10290000000, 
-0.08508336464945027, 0.014411990958135262, 2.2658718751424523e-05, 10295000000, 
-0.04794406062224771, 0.002626344312518949, -0.0002576978939666309, 10300000000, 
-0.035911974985603404, 0.01132080532727856, 0.0003553203832258727, 10305000000, 
-0.058514152248642495, 0.0024929815406793724, -4.371019373361271e-06, 10310000000, 
-0.06126884551913499, 0.018612709406260215, 0.00029864492034820854, 10315000000, 
-0.048699891030271954, 0.012264243378340946, -0.00013840794278226006, 10320000000, 
-0.0642577479167318, -0.021693097561185794, 3.569782169380746e-05, 10325000000, 
-0.06265555602626724, -0.00805797508740786, 0.0002086694585625314, 10330000000, 
-0.06649428413754993, -0.03560805038924701, -8.10328290716306e-05, 10335000000, 
-0.03835414996770232, 0.010499142642504882, 0.000504094039135975, 10340000000, 
-0.04485395056813229, -0.008839821788215805, 0.00028993473790993486, 10345000000, 
-0.047187322179301085, -0.0003577430861927055, -5.587926682354295e-05, 10350000000, 
-0.050478870314429436, -0.013163012296115254, 0.0002432530623329071, 10355000000, 
-0.024698316427558195, -0.01955454790207443, -7.045122837354663e-05, 10360000000, 
-0.026396461748761407, -0.006629038061254441, -9.257770383796621e-06, 10365000000, 
-0.05923152595418442, -0.0277604578303231, 0.0001749764437135962, 10370000000, 
-0.044955582908631664, -0.00241588149513061, -0.00026499592994658823, 10375000000, 
-0.057913373099778155, -0.002761926605111207, -0.0004838417077365407, 10380000000, 
-0.05843142340510301, 0.007068828936273179, -8.039848528655962e-05, 10385000000, 
-0.03671215633406635, 0.015171310689459143, -0.00033765991086937914, 10390000000, 
-0.07164401099229376, -0.016677182820390764, 9.422645325581979e-05, 10395000000, 
-0.044278272285716735, -0.009265431998795627, 0.0003465051890494532, 10400000000, 
-0.038275908444042314, 0.006068173271661225, -0.00013651299986474244, 10405000000, 
-0.0630007986486173, -0.026434635196446708, 1.2310910638044732e-05, 10410000000, 
-0.027949285937059757, 0.027724424960376456, -0.00013497339040330846, 10415000000, 
-0.07555740628089715, 0.012983604009418583, -1.6338310679710963e-05, 10420000000, 
-0.06946053188634184, -0.015763329647681037, -1.4137376267916656e-05, 10425000000, 
-0.08402869234031422, 0.00017981285346577787, 0.00012394800215180578, 10430000000, 
-0.05696835382448128, -0.0019550756904201973, -4.805229459762021e-05, 10435000000, 
-0.065831894479084, -0.013050768003913353, -5.074304219097291e-05, 10440000000, 
-0.06385048878793308, 0.0015181229261149124, 0.00024454842157464263, 10445000000, 
-0.03364411026809365, 0.010161966735206173, -0.00020270752121394, 10450000000, 
-0.04387409970882221, -0.003364398703080071, 0.00013300885913323084, 10455000000, 
-0.04536254184220655, -0.021707935464071963, -8.083399102693971e-05, 10460000000, 
-0.06196372877065476, -0.00180974301722338, 0.00010377151442340773, 10465000000, 
-0.02671301997900602, -0.0021215394837137405, 0.00021842366464716194, 10470000000, 
-0.07070737865113114, 0.01385355594395318, 0.0002040912459506042, 10475000000, 
-0.06772481960374695, -0.016542804971503625, -0.00010988859642758396, 10480000000, 
-0.03222357855293856, 0.026238484443344583, -7.1114051314261206e-06, 10485000000, 
-0.032221532512066595, -0.0022593867343791013, -9.981392304387438e-05, 10490000000, 
-0.06506477299085363, -0.0007575103942419662, -7.000958264802889e-05, 10495000000, 
-0.022928022773631446, -0.003881096225116792, -0.00012485087997771518, 10500000000, 
-0.043995249323716075, -0.004956064174251494, 0.00023815316192669607, 10505000000, 
-0.06102933685062378, -0.0228217571491222, -8.4579759651934e-05, 10510000000, 
-0.06949289210489606, 0.01048026988604757, 0.00020710084553801414, 10515000000, 
-0.04545184412504978, 0.007054231341378871, -2.019034338749635e-05, 10520000000, 
-0.1006100206683657, 0.019796776124351195, -0.0001816589244807387, 10525000000, 
-0.04794266720325768, 0.023354555917515275, 3.006248588957897e-05, 10530000000, 
-0.07574712691875465, 0.025510444504844257, -1.1143779939713218e-05, 10535000000, 
-0.04676143888687651, -0.007025062466831913, 0.00010701342998684569, 10540000000, 
-0.056661989864571355, 0.0018815819898126416, -3.4771630411830156e-05, 10545000000, 
-0.048515490170843695, -0.00942231479407539, -9.57215070997099e-05, 10550000000, 
-0.06760796982411993, -0.008133759135370528, 2.5758528351029055e-05, 10555000000, 
-0.06573958352273324, -0.004843820586680762, -4.990353741815835e-07, 10560000000, 
-0.03408791767850912, 0.01917577999754931, -0.00012226540467475495, 10565000000, 
-0.048615212555333735, -0.009922894815609347, 0.000259574741163182, 10570000000, 
-0.04443493787763521, 0.019333848115116906, 0.00021483229945089863, 10575000000, 
-0.06572798472157917, 0.027926988636111073, 0.0001458413420413571, 10580000000, 
-0.04710680574076039, -0.0003599863710347657, 0.00011304561931061231, 10585000000, 
-0.04076258954859736, 0.012354472936539681, -8.404952234671487e-05, 10590000000, 
-0.05184928379179737, 0.029070292505648746, -0.0003267673622912984, 10595000000, 
-0.06883111815047575, 0.029985687392600414, -0.0001772569612907238, 10600000000, 
-0.039946558033485804, -0.0167807250140321, -0.0001170149483948857, 10605000000, 
-0.04540142720069055, 0.006588738566706522, -1.3009825984575347e-05, 10610000000, 
-0.05408227781150829, -0.013745508180618078, -0.0004812873312574241, 10615000000, 
-0.07354144535134345, 0.0024162083383163536, -0.00017072072333689843, 10620000000, 
-0.040320970576990786, 0.0070516013666254975, -0.0001620672145017056, 10625000000, 
-0.03509851908550183, 0.023411141940710627, 0.00016604551239683414, 10630000000, 
-0.04441715285261451, -0.017685002067365285, 5.784440011642101e-05, 10635000000, 
-0.041016798735909625, 0.0003230214851735673, 1.485403414470654e-05, 10640000000, 
-0.042431845099516724, 0.019691918069048273, 1.213337758842511e-05, 10645000000, 
-0.06385170058348735, 0.02199764315780619, -6.378959109542076e-06, 10650000000, 
-0.05977681862897356, -0.0009731252363179691, -1.7719926082275987e-05, 10656000000, 
-0.07907180053284507, 0.0068394401434206, 0.00029990044241289074, 10661000000, 
-0.049419847758937666, -0.014173371030348788, -0.00017221953899300822, 10666000000, 
-0.038404615540652776, -0.003894564041248747, -0.0001431939821318398, 10671000000, 
-0.07701477224148706, -0.001123834630266584, 0.00013947000977446462, 10676000000, 
-0.052994665574006124, -0.01352086235324045, -0.00017198460075509262, 10681000000, 
-0.059304037203611666, -0.0012898725452364355, -0.00027124617804368906, 10686000000, 
-0.051160884082452944, 0.024166499602244564, -0.00010697143585454158, 10691000000, 
-0.04235794000025439, -0.0022428868090161105, -2.023986569358994e-05, 10696000000, 
-0.0353096446736867, -0.009948052486914136, -2.1440480229377543e-05, 10701000000, 
-0.05297753608278989, 0.015335654958584098, 0.00013274290215943376, 10706000000, 
-0.061083173279813545, -0.022508759561401984, 0.00046008749851448824, 10711000000, 
-0.04204922534571983, -0.02248090989034736, -0.00010646182822121601, 10716000000, 
-0.06998477676626004, 0.036388026107198164, 0.000367635206870067, 10721000000, 
-0.03991209176704266, -0.0015414758605260077, 0.0003607063602240823, 10726000000, 
-0.06346561343287609, 0.007250142209338253, 0.00015320752239913487, 10731000000, 
-0.0520336970671697, 0.0008271334483482935, 4.742631543084489e-05, 10736000000, 
-0.07189946412194484, 0.006053565008465166, -9.616310753648167e-05, 10741000000, 
-0.05685632991164307, -0.006169669431496806, -0.0003476465096492237, 10746000000, 
-0.051362912743341524, -0.00911956415430427, -0.0002616793298900765, 10751000000, 
-0.06694236406818858, -0.004902449564388378, -4.2815496507057435e-05, 10756000000, 
-0.05362333109367168, 0.004778408544875237, 4.2174923595098547e-05, 10761000000, 
-0.058778834251484044, 0.01858887419779946, -4.486904556302739e-05, 10766000000, 
-0.06749447262234082, 0.018022447341199677, 7.073724093700635e-05, 10772000000, 
-0.04611067615800224, 0.01121920763533791, -0.00037365287521653237, 10777000000, 
-0.05022293759358619, -0.007031176386910337, 0.00013036902115464325, 10782000000, 
-0.0620593101711227, 0.022671613552108342, -0.0001509943433411467, 10787000000, 
-0.10067663449893076, -0.011880980152512727, -0.00015780996873330307, 10792000000, 
-0.07423889704965546, 0.018101246873274385, -0.0003684539180048606, 10797000000, 
-0.07245761344615373, -0.0072141569879056395, -0.00010712510487177466, 10802000000, 
-0.032284543941680066, 0.006695890197568586, -0.00019095145050437585, 10807000000, 
-0.0455692873456666, -0.016623716934492685, 0.00019203503380591706, 10812000000, 
-0.057698091828933776, 0.010588996546038952, -0.00010616661513512598, 10817000000, 
-0.04720595519076596, 0.009105940757601178, -0.0002688788617939195, 10822000000, 
-0.06422627434105091, -0.0083526989705859, 0.00012012403823878787, 10827000000, 
-0.03760434892043717, 0.006913306094344037, -0.0001894937242633091, 10832000000, 
-0.07339140007133818, -0.02531025836593924, -0.0002447722218818843, 10837000000, 
-0.06147877558182646, 0.026946175581831128, 0.0001792074333596422, 10842000000, 
-0.07728628440692528, -0.001971492079246881, -0.00017114203380314295, 10847000000, 
-0.0863773951451248, 0.009032623195102443, 0.00012945241126327014, 10852000000, 
-0.04306163763507432, -0.028409617401416745, -2.1152372128938385e-05, 10857000000, 
-0.034793121149231304, 0.008185929139049008, 8.31263280422715e-05, 10863000000, 
-0.05069772367973316, 0.00512924114129575, -0.00030244604909344984, 10868000000, 
-0.0583207159654808, 0.00792914559679805, -0.00014972126162990723, 10873000000, 
-0.07450033079964202, -0.023348267990900326, 5.4518310739579916e-05, 10878000000, 
-0.03880856039557655, -0.022873385342172873, 2.5365897163410974e-05, 10883000000, 
-0.05665582575674841, 0.008630157869485216, 0.0007191641275060295, 10888000000, 
-0.07140963785695639, 0.014209870789613534, -0.00014125125895876457, 10893000000, 
